Timestamp,Sensor1_Temperature_C,Sensor2_Vibration_Hz,Sensor3_Pressure_Pa
2024-09-01 00:00:00,79.97,27.0,966.24
2024-09-01 01:00:00,73.62,24.62,992.77
2024-09-01 02:00:00,81.48,20.3,960.38
2024-09-01 03:00:00,90.23,16.77,984.6
2024-09-01 04:00:00,72.66,23.49,905.32
2024-09-01 05:00:00,72.66,21.97,1010.66
2024-09-01 06:00:00,90.79,24.48,1000.06
2024-09-01 07:00:00,82.67,23.18,959.15
2024-09-01 08:00:00,70.31,25.25,1032.96
2024-09-01 09:00:00,80.43,17.32,1046.88
2024-09-01 10:00:00,70.37,26.59,919.62
2024-09-01 11:00:00,70.34,20.99,961.86
2024-09-01 12:00:00,77.42,30.38,961.54
2024-09-01 13:00:00,55.87,16.55,953.0
2024-09-01 14:00:00,57.75,28.68,1041.47
2024-09-01 15:00:00,69.38,20.99,990.31
2024-09-01 16:00:00,64.87,16.74,986.77
2024-09-01 17:00:00,78.14,17.58,899.81
2024-09-01 18:00:00,65.92,18.4,1031.77
2024-09-01 19:00:00,60.88,22.12,938.04
2024-09-01 20:00:00,89.66,22.61,1003.0
2024-09-01 21:00:00,72.74,17.13,1013.87
2024-09-01 22:00:00,75.68,19.88,1068.03
2024-09-01 23:00:00,60.75,30.71,934.56
2024-09-02 00:00:00,69.56,28.64,849.02
2024-09-02 01:00:00,76.11,22.18,1009.19
2024-09-02 02:00:00,63.49,20.19,1090.03
2024-09-02 03:00:00,78.76,20.6,1061.95
2024-09-02 04:00:00,68.99,23.07,1010.48
2024-09-02 05:00:00,72.08,14.89,975.42
2024-09-02 06:00:00,68.98,18.71,1040.36
2024-09-02 07:00:00,93.52,11.66,951.32
2024-09-02 08:00:00,74.87,22.0,1023.82
2024-09-02 09:00:00,64.42,23.24,1025.27
2024-09-02 10:00:00,83.23,17.58,1053.01
2024-09-02 11:00:00,62.79,27.87,1137.98
2024-09-02 12:00:00,77.09,13.87,1019.62
2024-09-02 13:00:00,55.4,12.68,974.55
2024-09-02 14:00:00,61.72,21.12,998.72
2024-09-02 15:00:00,76.97,25.24,911.55
2024-09-02 16:00:00,99.46,38.54,1218.07
2024-09-02 17:00:00,76.71,17.71,979.54
2024-09-02 18:00:00,73.84,25.39,973.8
2024-09-02 19:00:00,71.99,19.81,1007.62
2024-09-02 20:00:00,60.21,19.14,958.88
2024-09-02 21:00:00,67.8,24.42,1056.05
2024-09-02 22:00:00,70.39,23.26,1000.01
2024-09-02 23:00:00,85.57,12.12,999.53
2024-09-03 00:00:00,78.44,27.38,983.61
2024-09-03 01:00:00,57.37,26.9,1007.76
2024-09-03 02:00:00,78.24,16.87,1041.25
2024-09-03 03:00:00,71.15,21.98,956.64
2024-09-03 04:00:00,68.23,22.47,967.09
2024-09-03 05:00:00,81.12,21.3,984.81
2024-09-03 06:00:00,85.31,17.25,932.71
2024-09-03 07:00:00,84.31,16.64,959.04
2024-09-03 08:00:00,99.81,43.8,1220.1
2024-09-03 09:00:00,71.91,25.86,1043.72
2024-09-03 10:00:00,78.31,22.72,1013.13
2024-09-03 11:00:00,84.76,18.15,1009.68
2024-09-03 12:00:00,92.18,34.22,1246.87
2024-09-03 13:00:00,96.37,40.55,1218.94
2024-09-03 14:00:00,63.94,25.74,1019.52
2024-09-03 15:00:00,63.04,11.3,994.84
2024-09-03 16:00:00,83.13,18.19,1013.27
2024-09-03 17:00:00,88.56,14.4,970.86
2024-09-03 18:00:00,74.28,13.53,878.06
2024-09-03 19:00:00,85.04,25.8,993.29
2024-09-03 20:00:00,78.62,17.66,1071.14
2024-09-03 21:00:00,68.55,21.73,1046.31
2024-09-03 22:00:00,78.61,19.77,1048.27
2024-09-03 23:00:00,90.38,22.39,1061.81
2024-09-04 00:00:00,74.64,20.38,1004.43
2024-09-04 01:00:00,90.65,13.59,1009.87
2024-09-04 02:00:00,48.8,24.98,969.12
2024-09-04 03:00:00,83.22,17.53,984.2
2024-09-04 04:00:00,75.87,12.22,1030.79
2024-09-04 05:00:00,72.01,17.86,1060.19
2024-09-04 06:00:00,75.92,27.5,993.03
2024-09-04 07:00:00,55.12,24.25,977.49
2024-09-04 08:00:00,103.77,37.07,1153.59
2024-09-04 09:00:00,78.57,18.25,1030.06
2024-09-04 10:00:00,89.78,18.39,927.81
2024-09-04 11:00:00,69.82,30.38,885.19
2024-09-04 12:00:00,66.92,21.91,972.47
2024-09-04 13:00:00,69.98,22.15,938.96
2024-09-04 14:00:00,84.15,25.15,974.59
2024-09-04 15:00:00,78.29,21.19,992.61
2024-09-04 16:00:00,69.7,18.7,977.34
2024-09-04 17:00:00,80.13,19.02,1072.62
2024-09-04 18:00:00,100.25,45.27,1163.9
2024-09-04 19:00:00,84.69,19.81,1015.02
2024-09-04 20:00:00,67.98,23.64,1031.11
2024-09-04 21:00:00,71.72,20.26,943.06
2024-09-04 22:00:00,71.08,23.66,1051.96
2024-09-04 23:00:00,60.36,19.6,996.21
2024-09-05 00:00:00,77.96,20.39,1033.52
2024-09-05 01:00:00,77.61,10.01,946.41
2024-09-05 02:00:00,75.05,24.58,922.31
2024-09-05 03:00:00,104.97,34.34,1147.68
2024-09-05 04:00:00,60.85,24.99,1018.82
2024-09-05 05:00:00,70.79,5.52,954.9
2024-09-05 06:00:00,71.57,30.44,956.52
2024-09-05 07:00:00,66.98,19.3,1056.27
2024-09-05 08:00:00,100.32,43.96,1249.49
2024-09-05 09:00:00,79.04,14.8,1082.13
2024-09-05 10:00:00,93.86,23.06,954.97
2024-09-05 11:00:00,76.75,14.73,1031.92
2024-09-05 12:00:00,77.58,16.88,983.57
2024-09-05 13:00:00,74.26,29.57,1030.16
2024-09-05 14:00:00,55.81,19.05,972.79
2024-09-05 15:00:00,74.73,21.09,991.86
2024-09-05 16:00:00,75.6,24.35,1002.05
2024-09-05 17:00:00,99.63,22.48,949.89
2024-09-05 18:00:00,73.08,20.75,1037.04
2024-09-05 19:00:00,78.02,21.82,974.34
2024-09-05 20:00:00,74.65,32.02,988.57
2024-09-05 21:00:00,63.31,19.71,950.28
2024-09-05 22:00:00,86.43,21.01,871.88
2024-09-05 23:00:00,90.76,37.63,1143.28
2024-09-06 00:00:00,82.91,25.53,1120.63
2024-09-06 01:00:00,65.91,25.94,1039.23
2024-09-06 02:00:00,89.03,23.19,999.04
2024-09-06 03:00:00,60.98,14.28,986.86
2024-09-06 04:00:00,80.87,28.17,1001.12
2024-09-06 05:00:00,100.92,42.08,1257.56
2024-09-06 06:00:00,65.09,21.51,940.96
2024-09-06 07:00:00,69.34,16.23,1055.72
2024-09-06 08:00:00,76.0,19.68,1035.77
2024-09-06 09:00:00,69.97,21.64,1035.91
2024-09-06 10:00:00,59.49,21.61,1021.92
2024-09-06 11:00:00,75.69,22.11,1000.98
2024-09-06 12:00:00,64.38,28.07,1033.64
2024-09-06 13:00:00,79.74,22.27,1029.59
2024-09-06 14:00:00,65.81,18.78,982.3
2024-09-06 15:00:00,90.5,24.82,971.32
2024-09-06 16:00:00,67.17,25.95,1005.09
2024-09-06 17:00:00,71.78,13.86,1077.45
2024-09-06 18:00:00,83.14,22.99,938.04
2024-09-06 19:00:00,62.69,23.51,926.62
2024-09-06 20:00:00,77.27,18.51,1008.24
2024-09-06 21:00:00,88.07,26.88,1002.54
2024-09-06 22:00:00,100.72,40.11,1182.46
2024-09-06 23:00:00,76.85,20.63,1012.2
2024-09-07 00:00:00,77.6,19.13,988.84
2024-09-07 01:00:00,82.82,20.08,1074.49
2024-09-07 02:00:00,62.63,14.52,919.95
2024-09-07 03:00:00,61.8,12.8,958.58
2024-09-07 04:00:00,80.22,27.97,994.84
2024-09-07 05:00:00,77.97,15.77,917.84
2024-09-07 06:00:00,96.4,32.46,1223.65
2024-09-07 07:00:00,78.46,9.23,1083.07
2024-09-07 08:00:00,90.83,32.91,1290.33
2024-09-07 09:00:00,77.32,13.38,1011.54
2024-09-07 10:00:00,77.93,28.21,936.99
2024-09-07 11:00:00,67.86,25.05,969.18
2024-09-07 12:00:00,93.66,16.56,981.24
2024-09-07 13:00:00,79.74,31.26,984.11
2024-09-07 14:00:00,63.09,24.91,1064.08
2024-09-07 15:00:00,81.57,18.38,1027.88
2024-09-07 16:00:00,65.25,7.5,944.43
2024-09-07 17:00:00,82.87,31.45,1012.33
2024-09-07 18:00:00,86.59,13.05,1024.91
2024-09-07 19:00:00,66.79,11.77,1057.01
2024-09-07 20:00:00,84.63,25.11,1079.03
2024-09-07 21:00:00,79.13,32.2,949.25
2024-09-07 22:00:00,83.22,26.92,959.46
2024-09-07 23:00:00,93.97,22.82,937.12
2024-09-08 00:00:00,72.55,22.97,988.3
2024-09-08 01:00:00,67.46,24.27,1023.32
2024-09-08 02:00:00,66.1,23.79,1049.37
2024-09-08 03:00:00,66.84,21.41,996.2
2024-09-08 04:00:00,74.23,20.52,984.01
2024-09-08 05:00:00,78.41,19.69,1007.59
2024-09-08 06:00:00,77.77,16.23,958.24
2024-09-08 07:00:00,83.27,18.6,1104.48
2024-09-08 08:00:00,75.13,11.54,919.62
2024-09-08 09:00:00,89.54,19.51,1009.24
2024-09-08 10:00:00,72.35,15.06,1101.18
2024-09-08 11:00:00,102.2,14.48,1000.34
2024-09-08 12:00:00,81.26,20.9,990.5
2024-09-08 13:00:00,66.43,26.96,982.13
2024-09-08 14:00:00,64.29,24.59,990.98
2024-09-08 15:00:00,79.82,12.15,1068.64
2024-09-08 16:00:00,72.77,15.05,889.41
2024-09-08 17:00:00,82.14,24.7,1076.67
2024-09-08 18:00:00,79.73,15.09,928.8
2024-09-08 19:00:00,74.27,18.88,986.67
2024-09-08 20:00:00,66.53,22.75,978.54
2024-09-08 21:00:00,59.85,15.16,1029.43
2024-09-08 22:00:00,70.53,20.53,920.09
2024-09-08 23:00:00,83.56,13.33,1023.11
2024-09-09 00:00:00,77.14,16.99,1101.22
2024-09-09 01:00:00,62.54,21.6,931.84
2024-09-09 02:00:00,76.73,12.04,1009.49
2024-09-09 03:00:00,78.85,22.2,966.9
2024-09-09 04:00:00,66.16,19.9,1021.29
2024-09-09 05:00:00,76.54,22.76,1000.96
2024-09-09 06:00:00,75.58,21.12,967.93
2024-09-09 07:00:00,63.57,26.82,1024.39
2024-09-09 08:00:00,78.58,20.63,1090.22
2024-09-09 09:00:00,80.61,17.85,990.45
2024-09-09 10:00:00,85.83,20.61,1035.99
2024-09-09 11:00:00,85.54,22.72,935.34
2024-09-09 12:00:00,61.22,20.24,952.18
2024-09-09 13:00:00,65.62,20.2,1023.62
2024-09-09 14:00:00,80.15,16.49,1074.21
2024-09-09 15:00:00,80.14,16.69,1017.78
2024-09-09 16:00:00,80.15,12.99,984.35
2024-09-09 17:00:00,113.53,28.75,999.96
2024-09-09 18:00:00,80.71,13.78,937.48
2024-09-09 19:00:00,86.36,16.54,1030.23
2024-09-09 20:00:00,84.54,16.41,1044.12
2024-09-09 21:00:00,81.51,24.47,977.4
2024-09-09 22:00:00,71.85,18.53,976.5
2024-09-09 23:00:00,82.59,26.24,1013.29
2024-09-10 00:00:00,67.27,16.63,978.16
2024-09-10 01:00:00,72.63,21.39,996.69
2024-09-10 02:00:00,70.15,15.82,1104.99
2024-09-10 03:00:00,75.82,30.73,987.65
2024-09-10 04:00:00,98.15,14.06,982.08
2024-09-10 05:00:00,56.33,21.55,967.62
2024-09-10 06:00:00,81.86,23.17,1037.21
2024-09-10 07:00:00,58.87,22.07,990.94
2024-09-10 08:00:00,70.28,19.07,967.53
2024-09-10 09:00:00,85.89,19.35,1066.07
2024-09-10 10:00:00,75.64,20.22,1070.98
2024-09-10 11:00:00,64.22,19.26,969.98
2024-09-10 12:00:00,67.85,24.82,906.67
2024-09-10 13:00:00,81.8,31.05,1050.38
2024-09-10 14:00:00,67.7,17.21,965.77
2024-09-10 15:00:00,77.16,13.15,1039.53
2024-09-10 16:00:00,75.46,19.56,901.49
2024-09-10 17:00:00,68.48,32.9,1044.63
2024-09-10 18:00:00,96.44,15.98,939.44
2024-09-10 19:00:00,81.34,28.2,1036.54
2024-09-10 20:00:00,54.75,28.39,1000.71
2024-09-10 21:00:00,76.86,17.23,952.3
2024-09-10 22:00:00,68.38,22.84,979.65
2024-09-10 23:00:00,83.52,28.14,1034.32
2024-09-11 00:00:00,67.07,18.1,1005.29
2024-09-11 01:00:00,73.85,18.98,1029.22
2024-09-11 02:00:00,80.05,17.09,1098.82
2024-09-11 03:00:00,83.66,14.93,921.79
2024-09-11 04:00:00,63.0,16.75,1080.86
2024-09-11 05:00:00,71.65,13.88,1005.22
2024-09-11 06:00:00,70.25,20.17,955.06
2024-09-11 07:00:00,68.47,16.15,933.48
2024-09-11 08:00:00,92.65,21.17,990.54
2024-09-11 09:00:00,79.05,12.22,1046.08
2024-09-11 10:00:00,62.39,21.65,993.62
2024-09-11 11:00:00,84.18,24.17,1075.56
2024-09-11 12:00:00,96.22,10.03,927.44
2024-09-11 13:00:00,85.32,21.87,999.4
2024-09-11 14:00:00,59.81,26.14,937.38
2024-09-11 15:00:00,70.16,13.95,1018.18
2024-09-11 16:00:00,87.67,28.36,1044.34
2024-09-11 17:00:00,67.92,22.1,978.96
2024-09-11 18:00:00,79.44,16.47,869.79
2024-09-11 19:00:00,82.75,19.72,1009.95
2024-09-11 20:00:00,65.73,22.79,1021.84
2024-09-11 21:00:00,74.4,20.38,1020.21
2024-09-11 22:00:00,42.59,22.69,1061.79
2024-09-11 23:00:00,64.76,15.4,946.45
2024-09-12 00:00:00,72.47,20.85,1034.01
2024-09-12 01:00:00,105.0,37.73,1230.41
2024-09-12 02:00:00,91.32,19.44,911.07
2024-09-12 03:00:00,60.7,15.48,1015.98
2024-09-12 04:00:00,70.6,16.32,974.79
2024-09-12 05:00:00,76.31,26.18,995.92
2024-09-12 06:00:00,89.41,25.46,1017.38
2024-09-12 07:00:00,60.64,23.05,975.64
2024-09-12 08:00:00,86.63,14.54,966.21
2024-09-12 09:00:00,75.1,18.42,1001.71
2024-09-12 10:00:00,65.18,26.07,945.64
2024-09-12 11:00:00,79.62,20.71,945.71
2024-09-12 12:00:00,76.99,31.6,1033.97
2024-09-12 13:00:00,69.0,21.97,942.56
2024-09-12 14:00:00,75.7,20.96,1033.32
2024-09-12 15:00:00,71.15,18.45,1023.13
2024-09-12 16:00:00,76.14,20.67,913.71
2024-09-12 17:00:00,81.62,19.24,966.12
2024-09-12 18:00:00,90.86,23.54,1059.71
2024-09-12 19:00:00,62.62,24.78,950.94
2024-09-12 20:00:00,96.33,16.07,976.78
2024-09-12 21:00:00,55.48,13.34,1023.1
2024-09-12 22:00:00,73.48,10.82,1039.17
2024-09-12 23:00:00,80.88,22.54,987.42
2024-09-13 00:00:00,77.81,14.48,970.12
2024-09-13 01:00:00,68.77,9.24,1071.12
2024-09-13 02:00:00,72.92,21.94,1086.94
2024-09-13 03:00:00,70.07,32.46,1048.94
2024-09-13 04:00:00,69.11,19.97,1004.27
2024-09-13 05:00:00,83.5,24.19,959.59
2024-09-13 06:00:00,99.99,40.0,1311.03
2024-09-13 07:00:00,68.07,19.51,1026.13
2024-09-13 08:00:00,84.0,24.6,1020.92
2024-09-13 09:00:00,78.07,18.55,1070.08
2024-09-13 10:00:00,83.13,21.34,1032.52
2024-09-13 11:00:00,81.3,21.61,924.85
2024-09-13 12:00:00,106.68,39.88,1151.08
2024-09-13 13:00:00,69.4,24.96,950.1
2024-09-13 14:00:00,82.47,19.13,980.8
2024-09-13 15:00:00,81.1,16.22,1012.51
2024-09-13 16:00:00,74.79,22.68,1099.78
2024-09-13 17:00:00,76.17,15.51,1155.5
2024-09-13 18:00:00,87.78,20.14,1030.34
2024-09-13 19:00:00,69.08,19.95,990.84
2024-09-13 20:00:00,80.47,25.43,1026.73
2024-09-13 21:00:00,72.98,22.37,1044.38
2024-09-13 22:00:00,72.82,19.87,983.97
2024-09-13 23:00:00,85.99,24.09,1089.76
2024-09-14 00:00:00,83.25,26.95,1011.5
2024-09-14 01:00:00,83.14,22.79,1024.89
2024-09-14 02:00:00,88.05,20.05,1033.3
2024-09-14 03:00:00,75.21,13.44,1021.08
2024-09-14 04:00:00,81.82,14.67,1041.95
2024-09-14 05:00:00,87.45,36.5,1178.69
2024-09-14 06:00:00,78.24,16.95,972.08
2024-09-14 07:00:00,73.7,19.07,944.99
2024-09-14 08:00:00,75.97,20.28,1021.98
2024-09-14 09:00:00,80.95,22.65,1038.95
2024-09-14 10:00:00,66.82,19.65,1022.89
2024-09-14 11:00:00,95.92,22.43,1083.72
2024-09-14 12:00:00,64.94,20.32,999.72
2024-09-14 13:00:00,62.86,10.12,1033.44
2024-09-14 14:00:00,86.58,15.3,945.41
2024-09-14 15:00:00,82.92,19.28,980.65
2024-09-14 16:00:00,81.24,13.95,1034.78
2024-09-14 17:00:00,96.05,31.1,1183.29
2024-09-14 18:00:00,74.88,27.65,985.3
2024-09-14 19:00:00,66.03,26.09,996.42
2024-09-14 20:00:00,75.76,18.93,924.11
2024-09-14 21:00:00,68.23,27.45,982.15
2024-09-14 22:00:00,84.75,20.74,1044.52
2024-09-14 23:00:00,73.53,18.31,1028.76
2024-09-15 00:00:00,66.75,16.93,1025.03
2024-09-15 01:00:00,71.79,18.49,1002.49
2024-09-15 02:00:00,79.13,18.06,1000.35
2024-09-15 03:00:00,69.36,20.85,966.98
2024-09-15 04:00:00,66.78,20.8,1034.94
2024-09-15 05:00:00,77.44,20.02,1021.05
2024-09-15 06:00:00,77.45,22.18,1024.6
2024-09-15 07:00:00,69.93,25.95,973.7
2024-09-15 08:00:00,70.29,24.75,892.33
2024-09-15 09:00:00,77.32,12.58,1054.86
2024-09-15 10:00:00,100.6,38.17,1261.49
2024-09-15 11:00:00,60.93,24.67,956.86
2024-09-15 12:00:00,67.82,13.17,1034.67
2024-09-15 13:00:00,72.87,18.88,980.4
2024-09-15 14:00:00,78.11,14.15,1053.0
2024-09-15 15:00:00,89.75,10.99,1030.85
2024-09-15 16:00:00,83.58,22.71,1034.18
2024-09-15 17:00:00,73.4,23.8,931.7
2024-09-15 18:00:00,74.81,17.12,1060.6
2024-09-15 19:00:00,64.97,7.04,1013.06
2024-09-15 20:00:00,74.81,17.27,981.54
2024-09-15 21:00:00,72.11,21.96,1007.17
2024-09-15 22:00:00,78.23,12.61,911.19
2024-09-15 23:00:00,66.73,20.92,1020.43
2024-09-16 00:00:00,80.19,19.92,948.53
2024-09-16 01:00:00,90.33,22.9,932.37
2024-09-16 02:00:00,73.91,20.6,923.88
2024-09-16 03:00:00,79.02,15.13,1055.63
2024-09-16 04:00:00,81.9,25.98,968.54
2024-09-16 05:00:00,70.99,19.21,1076.69
2024-09-16 06:00:00,77.24,19.86,973.21
2024-09-16 07:00:00,75.13,15.33,914.63
2024-09-16 08:00:00,75.98,17.78,944.17
2024-09-16 09:00:00,67.27,15.58,1061.79
2024-09-16 10:00:00,75.25,19.14,992.21
2024-09-16 11:00:00,79.98,28.56,972.59
2024-09-16 12:00:00,89.51,13.14,1008.0
2024-09-16 13:00:00,84.59,11.93,1025.09
2024-09-16 14:00:00,96.53,27.36,1055.87
2024-09-16 15:00:00,67.33,18.95,1072.42
2024-09-16 16:00:00,83.72,16.65,982.01
2024-09-16 17:00:00,76.83,25.2,933.7
2024-09-16 18:00:00,96.9,16.97,979.33
2024-09-16 19:00:00,66.92,29.13,1013.01
2024-09-16 20:00:00,66.6,23.39,951.81
2024-09-16 21:00:00,69.01,17.56,952.14
2024-09-16 22:00:00,53.76,30.79,1017.19
2024-09-16 23:00:00,69.74,16.97,997.57
2024-09-17 00:00:00,67.41,23.71,1001.64
2024-09-17 01:00:00,76.5,21.5,962.08
2024-09-17 02:00:00,78.42,26.51,988.48
2024-09-17 03:00:00,93.76,27.81,953.79
2024-09-17 04:00:00,84.5,20.16,1044.51
2024-09-17 05:00:00,69.23,16.23,1051.76
2024-09-17 06:00:00,66.02,22.3,907.69
2024-09-17 07:00:00,101.0,40.38,1218.89
2024-09-17 08:00:00,61.8,30.07,925.17
2024-09-17 09:00:00,93.31,20.68,967.5
2024-09-17 10:00:00,86.79,18.17,995.83
2024-09-17 11:00:00,70.31,20.92,927.52
2024-09-17 12:00:00,57.87,13.26,953.91
2024-09-17 13:00:00,88.54,15.14,949.8
2024-09-17 14:00:00,73.85,26.0,1010.36
2024-09-17 15:00:00,87.38,16.72,1003.47
2024-09-17 16:00:00,59.06,14.77,963.91
2024-09-17 17:00:00,69.01,22.68,1008.84
2024-09-17 18:00:00,75.05,25.93,972.67
2024-09-17 19:00:00,75.47,23.59,986.42
2024-09-17 20:00:00,70.5,24.98,1083.67
2024-09-17 21:00:00,81.23,16.22,1067.02
2024-09-17 22:00:00,64.32,12.89,935.02
2024-09-17 23:00:00,73.58,27.51,1041.49
2024-09-18 00:00:00,76.2,18.39,1040.57
2024-09-18 01:00:00,80.14,18.75,942.59
2024-09-18 02:00:00,82.12,26.64,1040.94
2024-09-18 03:00:00,63.75,22.78,1076.9
2024-09-18 04:00:00,59.66,22.28,943.87
2024-09-18 05:00:00,87.78,30.83,954.12
2024-09-18 06:00:00,78.32,16.78,1050.88
2024-09-18 07:00:00,67.52,24.64,1013.57
2024-09-18 08:00:00,90.51,20.29,1027.57
2024-09-18 09:00:00,76.16,21.34,1017.03
2024-09-18 10:00:00,86.79,27.64,1019.53
2024-09-18 11:00:00,75.68,22.54,933.68
2024-09-18 12:00:00,95.61,22.69,1052.37
2024-09-18 13:00:00,98.86,45.75,1200.44
2024-09-18 14:00:00,72.51,18.18,988.53
2024-09-18 15:00:00,84.72,15.8,997.83
2024-09-18 16:00:00,81.45,14.78,923.44
2024-09-18 17:00:00,88.69,10.17,1025.71
2024-09-18 18:00:00,65.35,30.28,1028.6
2024-09-18 19:00:00,81.86,14.48,996.89
2024-09-18 20:00:00,85.58,18.89,1056.22
2024-09-18 21:00:00,57.41,18.62,983.3
2024-09-18 22:00:00,63.17,21.54,1028.23
2024-09-18 23:00:00,54.61,24.08,949.02
2024-09-19 00:00:00,72.31,24.3,998.82
2024-09-19 01:00:00,82.18,17.08,991.28
2024-09-19 02:00:00,90.02,19.16,1011.27
2024-09-19 03:00:00,75.74,21.41,981.52
2024-09-19 04:00:00,91.29,18.76,993.43
2024-09-19 05:00:00,61.2,28.04,1041.3
2024-09-19 06:00:00,57.97,22.45,978.16
2024-09-19 07:00:00,74.44,23.67,919.67
2024-09-19 08:00:00,78.84,23.31,1087.48
2024-09-19 09:00:00,74.67,25.87,1069.07
2024-09-19 10:00:00,54.33,20.91,935.39
2024-09-19 11:00:00,74.11,13.52,1034.49
2024-09-19 12:00:00,61.96,22.0,974.85
2024-09-19 13:00:00,104.13,32.7,1252.5
2024-09-19 14:00:00,78.67,17.36,1014.71
2024-09-19 15:00:00,65.6,22.93,988.28
2024-09-19 16:00:00,69.86,26.19,960.81
2024-09-19 17:00:00,64.41,20.11,965.47
2024-09-19 18:00:00,74.37,21.54,954.19
2024-09-19 19:00:00,84.55,28.51,958.41
2024-09-19 20:00:00,65.14,21.2,996.64
2024-09-19 21:00:00,80.04,33.01,964.21
2024-09-19 22:00:00,69.7,22.83,1034.1
2024-09-19 23:00:00,67.07,11.2,1074.36
2024-09-20 00:00:00,73.93,23.77,971.0
2024-09-20 01:00:00,64.65,21.91,1011.97
2024-09-20 02:00:00,69.46,26.45,1024.98
2024-09-20 03:00:00,63.02,23.37,1023.6
2024-09-20 04:00:00,94.65,19.31,1003.8
2024-09-20 05:00:00,75.35,13.88,1037.13
2024-09-20 06:00:00,68.0,18.95,1024.11
2024-09-20 07:00:00,77.14,15.75,938.12
2024-09-20 08:00:00,73.88,17.1,1043.46
2024-09-20 09:00:00,72.79,22.94,1044.36
2024-09-20 10:00:00,81.14,28.35,961.84
2024-09-20 11:00:00,82.58,21.97,1001.9
2024-09-20 12:00:00,103.25,37.18,1130.73
2024-09-20 13:00:00,69.24,22.22,989.53
2024-09-20 14:00:00,72.25,25.98,1053.65
2024-09-20 15:00:00,51.98,16.95,1118.19
2024-09-20 16:00:00,59.85,19.33,960.7
2024-09-20 17:00:00,88.67,20.07,930.95
2024-09-20 18:00:00,91.45,16.08,1015.19
2024-09-20 19:00:00,72.51,23.24,1036.08
2024-09-20 20:00:00,80.77,19.4,988.46
2024-09-20 21:00:00,78.11,22.1,1072.66
2024-09-20 22:00:00,105.79,15.56,933.07
2024-09-20 23:00:00,86.2,17.81,1034.65
2024-09-21 00:00:00,73.72,23.61,969.71
2024-09-21 01:00:00,65.44,18.14,1085.97
2024-09-21 02:00:00,58.94,28.63,1099.63
2024-09-21 03:00:00,77.03,18.0,961.67
2024-09-21 04:00:00,67.44,21.12,972.52
2024-09-21 05:00:00,60.78,24.66,1042.98
2024-09-21 06:00:00,68.53,12.91,980.64
2024-09-21 07:00:00,64.18,11.2,997.73
2024-09-21 08:00:00,91.87,12.37,1001.27
2024-09-21 09:00:00,83.82,26.31,904.02
2024-09-21 10:00:00,74.92,17.24,999.31
2024-09-21 11:00:00,89.8,32.79,965.51
2024-09-21 12:00:00,75.77,17.18,975.34
2024-09-21 13:00:00,66.39,20.92,1072.18
2024-09-21 14:00:00,90.23,27.71,937.17
2024-09-21 15:00:00,80.39,30.03,1040.66
2024-09-21 16:00:00,64.63,30.31,986.05
2024-09-21 17:00:00,73.1,26.04,986.01
2024-09-21 18:00:00,66.24,25.12,1039.52
2024-09-21 19:00:00,61.17,22.96,1017.0
2024-09-21 20:00:00,84.26,23.89,1028.53
2024-09-21 21:00:00,98.2,43.93,1169.24
2024-09-21 22:00:00,61.01,15.91,983.43
2024-09-21 23:00:00,80.63,19.98,969.39
2024-09-22 00:00:00,68.49,19.15,945.74
2024-09-22 01:00:00,70.13,17.73,958.73
2024-09-22 02:00:00,69.08,23.48,1147.45
2024-09-22 03:00:00,98.18,42.12,1239.66
2024-09-22 04:00:00,75.49,20.44,932.45
2024-09-22 05:00:00,102.61,37.49,1204.56
2024-09-22 06:00:00,77.7,14.29,1024.09
2024-09-22 07:00:00,74.5,19.03,1027.36
2024-09-22 08:00:00,72.61,16.42,1027.44
2024-09-22 09:00:00,65.92,10.67,987.25
2024-09-22 10:00:00,69.23,19.59,993.73
2024-09-22 11:00:00,82.55,19.39,1016.39
2024-09-22 12:00:00,80.01,27.57,1004.29
2024-09-22 13:00:00,65.22,23.15,889.03
2024-09-22 14:00:00,75.99,14.88,988.51
2024-09-22 15:00:00,82.51,29.27,957.43
2024-09-22 16:00:00,58.31,26.11,1008.76
2024-09-22 17:00:00,80.43,22.91,1149.26
2024-09-22 18:00:00,68.37,18.87,1018.37
2024-09-22 19:00:00,80.71,15.2,984.32
2024-09-22 20:00:00,67.37,18.14,1046.09
2024-09-22 21:00:00,56.95,25.44,1024.13
2024-09-22 22:00:00,58.72,29.42,1021.0
2024-09-22 23:00:00,75.48,27.72,1030.34
2024-09-23 00:00:00,77.6,17.56,1102.83
2024-09-23 01:00:00,65.96,14.4,943.46
2024-09-23 02:00:00,81.39,20.7,1023.68
2024-09-23 03:00:00,58.38,11.16,953.68
2024-09-23 04:00:00,74.34,21.62,1027.78
2024-09-23 05:00:00,62.89,19.26,954.07
2024-09-23 06:00:00,68.48,17.67,979.13
2024-09-23 07:00:00,75.47,12.03,985.25
2024-09-23 08:00:00,66.4,22.57,1048.79
2024-09-23 09:00:00,71.15,17.34,1045.92
2024-09-23 10:00:00,105.91,36.36,1270.34
2024-09-23 11:00:00,69.23,5.64,1002.75
2024-09-23 12:00:00,83.36,19.86,964.52
2024-09-23 13:00:00,63.7,28.86,937.07
2024-09-23 14:00:00,80.3,28.31,989.15
2024-09-23 15:00:00,89.42,17.71,984.58
2024-09-23 16:00:00,50.28,16.99,1121.34
2024-09-23 17:00:00,67.03,22.34,1021.65
2024-09-23 18:00:00,92.63,42.25,1207.09
2024-09-23 19:00:00,72.97,21.51,971.76
2024-09-23 20:00:00,78.71,23.83,1051.07
2024-09-23 21:00:00,68.96,26.13,1104.42
2024-09-23 22:00:00,75.87,19.5,920.7
2024-09-23 23:00:00,73.44,18.98,906.0
2024-09-24 00:00:00,86.68,15.61,1093.55
2024-09-24 01:00:00,77.54,15.87,1019.48
2024-09-24 02:00:00,78.38,18.87,956.59
2024-09-24 03:00:00,70.88,21.84,1026.73
2024-09-24 04:00:00,70.12,24.57,868.21
2024-09-24 05:00:00,70.67,15.98,1000.17
2024-09-24 06:00:00,78.94,27.46,1016.39
2024-09-24 07:00:00,70.79,18.64,1046.21
2024-09-24 08:00:00,77.9,19.89,949.31
2024-09-24 09:00:00,95.75,16.26,1004.28
2024-09-24 10:00:00,83.71,7.88,953.73
2024-09-24 11:00:00,71.74,24.42,1012.77
2024-09-24 12:00:00,87.01,23.68,955.23
2024-09-24 13:00:00,70.92,18.59,979.59
2024-09-24 14:00:00,54.62,20.33,950.21
2024-09-24 15:00:00,64.92,22.58,1032.56
2024-09-24 16:00:00,56.29,12.19,1042.92
2024-09-24 17:00:00,71.48,17.35,988.27
2024-09-24 18:00:00,75.18,23.97,1001.91
2024-09-24 19:00:00,91.76,13.73,927.57
2024-09-24 20:00:00,78.27,21.47,985.02
2024-09-24 21:00:00,72.81,13.22,997.49
2024-09-24 22:00:00,83.29,22.33,1131.04
2024-09-24 23:00:00,52.89,19.82,944.4
2024-09-25 00:00:00,77.36,11.92,1073.21
2024-09-25 01:00:00,82.71,25.82,1049.84
2024-09-25 02:00:00,60.21,16.33,1014.03
2024-09-25 03:00:00,86.44,15.95,1087.93
2024-09-25 04:00:00,78.38,21.0,1018.61
2024-09-25 05:00:00,70.85,25.74,1019.46
2024-09-25 06:00:00,81.33,14.92,997.34
2024-09-25 07:00:00,97.71,20.31,1061.18
2024-09-25 08:00:00,76.82,22.14,1054.82
2024-09-25 09:00:00,77.48,23.47,968.72
2024-09-25 10:00:00,70.41,20.88,934.04
2024-09-25 11:00:00,66.5,18.16,989.85
2024-09-25 12:00:00,83.3,15.86,960.0
2024-09-25 13:00:00,66.44,20.43,996.82
2024-09-25 14:00:00,75.72,14.64,1061.87
2024-09-25 15:00:00,70.22,5.39,977.13
2024-09-25 16:00:00,79.79,22.18,997.86
2024-09-25 17:00:00,78.34,24.52,1002.9
2024-09-25 18:00:00,85.38,8.19,1042.42
2024-09-25 19:00:00,69.9,14.95,887.66
2024-09-25 20:00:00,72.3,23.1,969.66
2024-09-25 21:00:00,65.21,30.29,1010.56
2024-09-25 22:00:00,70.56,20.1,1060.0
2024-09-25 23:00:00,78.77,16.36,975.4
2024-09-26 00:00:00,82.57,19.09,906.17
2024-09-26 01:00:00,65.78,26.87,1030.99
2024-09-26 02:00:00,83.7,16.77,968.23
2024-09-26 03:00:00,88.56,16.0,940.52
2024-09-26 04:00:00,79.13,17.59,968.78
2024-09-26 05:00:00,93.77,15.23,990.77
2024-09-26 06:00:00,67.26,20.61,969.76
2024-09-26 07:00:00,62.55,28.12,889.72
2024-09-26 08:00:00,57.21,21.62,1044.85
2024-09-26 09:00:00,89.96,18.74,1063.74
2024-09-26 10:00:00,81.54,18.54,1032.58
2024-09-26 11:00:00,74.44,12.18,943.12
2024-09-26 12:00:00,77.8,24.42,989.93
2024-09-26 13:00:00,63.75,19.61,999.67
2024-09-26 14:00:00,99.46,19.1,1029.94
2024-09-26 15:00:00,76.29,35.97,1033.42
2024-09-26 16:00:00,76.09,21.49,963.29
2024-09-26 17:00:00,82.26,16.24,1004.1
2024-09-26 18:00:00,79.81,17.87,1022.86
2024-09-26 19:00:00,77.24,25.74,1072.79
2024-09-26 20:00:00,67.1,20.57,1035.23
2024-09-26 21:00:00,79.71,12.81,1039.45
2024-09-26 22:00:00,93.82,24.6,1004.19
2024-09-26 23:00:00,88.45,16.66,1070.52
2024-09-27 00:00:00,90.93,29.37,1020.49
2024-09-27 01:00:00,69.89,25.4,956.95
2024-09-27 02:00:00,65.1,17.76,1070.17
2024-09-27 03:00:00,73.74,26.41,1034.9
2024-09-27 04:00:00,75.56,20.34,977.85
2024-09-27 05:00:00,85.94,24.26,976.03
2024-09-27 06:00:00,58.08,22.42,1014.83
2024-09-27 07:00:00,90.3,15.77,1023.16
2024-09-27 08:00:00,73.42,16.78,1009.86
2024-09-27 09:00:00,70.73,25.15,1015.57
2024-09-27 10:00:00,64.88,18.33,1085.0
2024-09-27 11:00:00,58.45,17.98,1053.58
2024-09-27 12:00:00,83.23,15.22,1009.53
2024-09-27 13:00:00,75.73,22.12,1047.07
2024-09-27 14:00:00,62.1,30.31,948.37
2024-09-27 15:00:00,62.05,14.66,1019.9
2024-09-27 16:00:00,71.64,20.12,1090.47
2024-09-27 17:00:00,91.69,27.06,989.1
2024-09-27 18:00:00,72.4,19.6,957.62
2024-09-27 19:00:00,59.97,22.26,967.4
2024-09-27 20:00:00,72.54,14.69,945.52
2024-09-27 21:00:00,72.27,22.14,960.76
2024-09-27 22:00:00,48.03,19.06,981.47
2024-09-27 23:00:00,74.46,24.93,929.72
2024-09-28 00:00:00,72.69,25.94,1000.78
2024-09-28 01:00:00,81.96,32.95,1045.11
2024-09-28 02:00:00,93.49,22.9,954.61
2024-09-28 03:00:00,86.27,21.63,1075.96
2024-09-28 04:00:00,72.31,20.97,1025.54
2024-09-28 05:00:00,63.93,18.23,1051.53
2024-09-28 06:00:00,100.73,21.69,967.11
2024-09-28 07:00:00,75.59,18.52,1042.73
2024-09-28 08:00:00,75.14,20.84,945.4
2024-09-28 09:00:00,74.76,26.59,1044.51
2024-09-28 10:00:00,76.98,14.97,1008.59
2024-09-28 11:00:00,73.56,25.7,1027.66
2024-09-28 12:00:00,69.26,26.59,941.22
2024-09-28 13:00:00,69.53,19.41,955.25
2024-09-28 14:00:00,74.67,9.39,1029.86
2024-09-28 15:00:00,69.57,16.96,952.58
2024-09-28 16:00:00,67.87,26.48,1023.16
2024-09-28 17:00:00,76.06,19.89,931.64
2024-09-28 18:00:00,72.45,15.0,1042.41
2024-09-28 19:00:00,90.04,17.48,938.37
2024-09-28 20:00:00,48.49,24.2,1027.61
2024-09-28 21:00:00,85.92,22.73,1031.28
2024-09-28 22:00:00,87.46,18.81,965.16
2024-09-28 23:00:00,54.27,18.17,1029.1
2024-09-29 00:00:00,71.57,18.04,1013.02
2024-09-29 01:00:00,71.29,15.39,973.06
2024-09-29 02:00:00,60.92,28.08,949.57
2024-09-29 03:00:00,67.22,18.39,901.87
2024-09-29 04:00:00,63.89,26.09,1017.48
2024-09-29 05:00:00,92.52,27.61,921.76
2024-09-29 06:00:00,84.36,24.99,1004.77
2024-09-29 07:00:00,87.72,17.84,986.83
2024-09-29 08:00:00,82.22,22.02,1033.96
2024-09-29 09:00:00,63.71,19.88,984.9
2024-09-29 10:00:00,69.75,15.48,983.53
2024-09-29 11:00:00,79.89,21.62,1036.59
2024-09-29 12:00:00,62.78,14.1,1016.75
2024-09-29 13:00:00,82.13,25.94,1015.81
2024-09-29 14:00:00,72.6,17.68,1023.46
2024-09-29 15:00:00,71.25,21.01,923.22
2024-09-29 16:00:00,100.99,43.59,1209.36
2024-09-29 17:00:00,79.44,18.71,1030.62
2024-09-29 18:00:00,71.39,22.93,949.17
2024-09-29 19:00:00,86.59,17.63,987.8
2024-09-29 20:00:00,110.6,40.94,1238.77
2024-09-29 21:00:00,81.16,13.27,993.28
2024-09-29 22:00:00,80.93,20.63,1016.69
2024-09-29 23:00:00,71.9,29.69,1071.57
2024-09-30 00:00:00,78.26,15.0,1054.09
2024-09-30 01:00:00,62.49,16.61,934.39
2024-09-30 02:00:00,84.24,22.57,1031.1
2024-09-30 03:00:00,73.15,20.9,1066.45
2024-09-30 04:00:00,69.77,21.75,1019.34
2024-09-30 05:00:00,85.49,22.45,1054.55
2024-09-30 06:00:00,67.96,23.17,1100.61
2024-09-30 07:00:00,60.92,25.55,1051.19
2024-09-30 08:00:00,59.43,22.05,1012.47
2024-09-30 09:00:00,81.06,18.79,1052.25
2024-09-30 10:00:00,62.2,23.36,1007.24
2024-09-30 11:00:00,96.85,46.45,1132.77
2024-09-30 12:00:00,54.18,19.34,982.43
2024-09-30 13:00:00,91.96,15.13,1078.17
2024-09-30 14:00:00,77.11,25.54,959.08
2024-09-30 15:00:00,74.03,19.4,1076.62
2024-09-30 16:00:00,69.55,9.14,1024.99
2024-09-30 17:00:00,78.99,24.24,930.03
2024-09-30 18:00:00,74.62,17.32,1018.38
2024-09-30 19:00:00,86.03,19.55,895.0
2024-09-30 20:00:00,76.14,21.66,1031.28
2024-09-30 21:00:00,76.5,20.95,1044.26
2024-09-30 22:00:00,71.36,23.55,970.38
2024-09-30 23:00:00,74.43,17.82,1006.18
2024-10-01 00:00:00,78.08,22.57,1097.71
2024-10-01 01:00:00,57.9,18.7,974.71
2024-10-01 02:00:00,61.52,23.69,947.05
2024-10-01 03:00:00,82.43,23.08,1074.08
2024-10-01 04:00:00,109.31,36.81,1314.74
2024-10-01 05:00:00,73.16,25.43,1000.18
2024-10-01 06:00:00,75.18,17.32,1050.57
2024-10-01 07:00:00,78.48,24.04,1067.07
2024-10-01 08:00:00,69.6,21.84,962.88
2024-10-01 09:00:00,67.22,29.19,975.73
2024-10-01 10:00:00,76.96,18.88,1061.54
2024-10-01 11:00:00,65.22,18.25,1084.25
2024-10-01 12:00:00,79.08,19.9,1028.14
2024-10-01 13:00:00,57.97,18.48,956.01
2024-10-01 14:00:00,85.29,24.0,1099.35
2024-10-01 15:00:00,79.73,11.92,973.45
2024-10-01 16:00:00,77.56,14.73,983.24
2024-10-01 17:00:00,84.83,14.66,1017.12
2024-10-01 18:00:00,104.26,42.8,1260.15
2024-10-01 19:00:00,85.14,28.55,1042.7
2024-10-01 20:00:00,56.59,19.48,1020.74
2024-10-01 21:00:00,62.2,19.16,1023.16
2024-10-01 22:00:00,102.4,38.11,1203.64
2024-10-01 23:00:00,75.26,25.81,1027.91
2024-10-02 00:00:00,106.27,41.91,1227.67
2024-10-02 01:00:00,67.74,21.19,985.17
2024-10-02 02:00:00,76.87,24.88,1012.07
2024-10-02 03:00:00,100.47,36.54,1215.74
2024-10-02 04:00:00,92.22,35.83,1156.99
2024-10-02 05:00:00,60.93,25.01,989.78
2024-10-02 06:00:00,65.77,6.48,1087.77
2024-10-02 07:00:00,61.48,23.39,1078.65
2024-10-02 08:00:00,65.24,16.73,976.71
2024-10-02 09:00:00,85.54,10.85,992.46
2024-10-02 10:00:00,65.51,22.56,996.3
2024-10-02 11:00:00,101.32,26.87,977.42
2024-10-02 12:00:00,79.93,19.31,1009.75
2024-10-02 13:00:00,76.85,24.76,962.09
2024-10-02 14:00:00,66.42,28.06,943.47
2024-10-02 15:00:00,82.0,26.57,1031.14
2024-10-02 16:00:00,69.24,28.2,1031.48
2024-10-02 17:00:00,76.22,23.71,959.78
2024-10-02 18:00:00,100.6,20.38,1044.77
2024-10-02 19:00:00,74.04,11.99,968.42
2024-10-02 20:00:00,95.46,43.8,1201.46
2024-10-02 21:00:00,67.97,15.78,1041.02
2024-10-02 22:00:00,74.65,30.85,998.32
2024-10-02 23:00:00,92.71,19.12,1022.74
2024-10-03 00:00:00,68.73,20.62,974.18
2024-10-03 01:00:00,93.12,22.76,990.18
2024-10-03 02:00:00,82.08,20.22,989.71
2024-10-03 03:00:00,104.68,39.52,1242.28
2024-10-03 04:00:00,81.32,16.89,991.16
2024-10-03 05:00:00,84.73,20.97,922.57
2024-10-03 06:00:00,81.22,16.29,975.44
2024-10-03 07:00:00,59.3,13.4,985.76
2024-10-03 08:00:00,67.73,16.94,987.19
2024-10-03 09:00:00,72.52,19.81,987.93
2024-10-03 10:00:00,74.26,17.85,996.91
2024-10-03 11:00:00,81.21,16.54,1023.97
2024-10-03 12:00:00,76.78,12.97,1043.73
2024-10-03 13:00:00,61.65,19.58,967.51
2024-10-03 14:00:00,78.8,12.48,939.84
2024-10-03 15:00:00,81.11,23.8,947.9
2024-10-03 16:00:00,80.6,20.41,975.64
2024-10-03 17:00:00,85.81,12.71,982.4
2024-10-03 18:00:00,83.34,18.45,961.5
2024-10-03 19:00:00,79.59,16.24,935.19
2024-10-03 20:00:00,74.3,21.6,977.19
2024-10-03 21:00:00,58.39,26.7,1009.07
2024-10-03 22:00:00,79.3,10.62,1029.75
2024-10-03 23:00:00,77.08,20.58,972.13
2024-10-04 00:00:00,107.79,42.66,1189.81
2024-10-04 01:00:00,62.23,23.36,953.67
2024-10-04 02:00:00,64.19,21.07,998.43
2024-10-04 03:00:00,85.53,16.24,957.58
2024-10-04 04:00:00,74.6,18.4,1028.66
2024-10-04 05:00:00,81.82,16.02,910.71
2024-10-04 06:00:00,75.28,25.38,982.02
2024-10-04 07:00:00,75.3,20.11,1015.06
2024-10-04 08:00:00,84.38,29.51,1009.19
2024-10-04 09:00:00,69.84,19.7,1134.65
2024-10-04 10:00:00,75.96,16.46,1017.49
2024-10-04 11:00:00,70.38,12.43,949.8
2024-10-04 12:00:00,70.66,10.98,995.23
2024-10-04 13:00:00,71.91,12.08,911.19
2024-10-04 14:00:00,77.22,21.34,995.97
2024-10-04 15:00:00,70.21,22.54,958.35
2024-10-04 16:00:00,87.56,12.09,1045.77
2024-10-04 17:00:00,66.05,24.48,972.52
2024-10-04 18:00:00,73.13,17.58,994.16
2024-10-04 19:00:00,70.6,20.73,968.22
2024-10-04 20:00:00,89.47,28.06,1086.94
2024-10-04 21:00:00,76.97,24.48,983.94
2024-10-04 22:00:00,85.32,18.66,1091.63
2024-10-04 23:00:00,60.14,15.54,1040.71
2024-10-05 00:00:00,77.67,9.24,1024.1
2024-10-05 01:00:00,83.9,16.4,1018.44
2024-10-05 02:00:00,75.82,18.94,1019.69
2024-10-05 03:00:00,85.65,15.06,903.62
2024-10-05 04:00:00,69.83,19.34,986.06
2024-10-05 05:00:00,89.09,20.38,1042.26
2024-10-05 06:00:00,97.99,18.88,997.56
2024-10-05 07:00:00,71.37,16.75,929.74
2024-10-05 08:00:00,70.54,20.84,997.38
2024-10-05 09:00:00,89.53,22.21,1085.21
2024-10-05 10:00:00,90.8,14.55,1062.34
2024-10-05 11:00:00,69.77,27.05,996.9
2024-10-05 12:00:00,70.8,19.51,1047.57
2024-10-05 13:00:00,72.18,20.09,981.67
2024-10-05 14:00:00,61.56,23.54,914.81
2024-10-05 15:00:00,65.81,21.17,953.78
2024-10-05 16:00:00,64.96,24.77,1078.14
2024-10-05 17:00:00,67.32,21.44,986.3
2024-10-05 18:00:00,74.65,16.94,987.83
2024-10-05 19:00:00,77.34,21.81,985.01
2024-10-05 20:00:00,90.51,14.28,1095.21
2024-10-05 21:00:00,65.02,20.54,1081.3
2024-10-05 22:00:00,84.84,19.83,1110.94
2024-10-05 23:00:00,72.86,18.96,992.05
2024-10-06 00:00:00,74.51,19.36,1014.78
2024-10-06 01:00:00,81.75,10.59,924.17
2024-10-06 02:00:00,63.77,17.26,1073.85
2024-10-06 03:00:00,78.82,20.46,941.61
2024-10-06 04:00:00,76.66,20.8,1010.84
2024-10-06 05:00:00,79.92,14.86,945.13
2024-10-06 06:00:00,77.89,26.33,970.56
2024-10-06 07:00:00,99.55,15.67,958.14
2024-10-06 08:00:00,68.62,24.85,969.61
2024-10-06 09:00:00,69.69,22.14,973.04
2024-10-06 10:00:00,68.77,16.77,972.59
2024-10-06 11:00:00,69.45,28.88,1041.67
2024-10-06 12:00:00,68.63,14.03,944.76
2024-10-06 13:00:00,86.89,24.6,1011.03
2024-10-06 14:00:00,89.21,25.0,1060.9
2024-10-06 15:00:00,69.29,16.65,974.34
2024-10-06 16:00:00,66.68,26.96,964.1
2024-10-06 17:00:00,79.71,18.75,988.47
2024-10-06 18:00:00,69.48,21.44,1058.99
2024-10-06 19:00:00,81.33,21.3,1009.71
2024-10-06 20:00:00,77.03,19.33,973.44
2024-10-06 21:00:00,59.84,24.05,1024.19
2024-10-06 22:00:00,90.48,23.97,944.89
2024-10-06 23:00:00,92.96,11.26,1034.07
2024-10-07 00:00:00,68.87,26.52,1020.43
2024-10-07 01:00:00,71.12,11.69,984.61
2024-10-07 02:00:00,77.86,25.16,958.07
2024-10-07 03:00:00,78.34,25.63,955.67
2024-10-07 04:00:00,81.59,14.55,1026.74
2024-10-07 05:00:00,95.1,17.95,1061.45
2024-10-07 06:00:00,73.23,14.47,968.13
2024-10-07 07:00:00,67.02,18.93,1022.92
2024-10-07 08:00:00,97.14,36.56,1216.94
2024-10-07 09:00:00,67.69,23.9,970.77
2024-10-07 10:00:00,74.67,26.55,998.45
2024-10-07 11:00:00,92.95,26.98,954.52
2024-10-07 12:00:00,69.82,17.19,953.17
2024-10-07 13:00:00,77.24,18.95,966.61
2024-10-07 14:00:00,74.84,11.58,1014.61
2024-10-07 15:00:00,86.88,15.97,990.63
2024-10-07 16:00:00,100.27,24.82,888.09
2024-10-07 17:00:00,69.69,28.08,893.96
2024-10-07 18:00:00,70.11,13.83,969.66
2024-10-07 19:00:00,85.44,17.04,1022.88
2024-10-07 20:00:00,81.82,19.87,862.62
2024-10-07 21:00:00,93.47,21.4,975.01
2024-10-07 22:00:00,80.84,15.95,973.69
2024-10-07 23:00:00,71.41,22.12,1069.42
2024-10-08 00:00:00,80.91,17.63,980.75
2024-10-08 01:00:00,86.09,19.93,1019.15
2024-10-08 02:00:00,101.96,35.89,1181.63
2024-10-08 03:00:00,80.07,20.03,893.47
2024-10-08 04:00:00,85.67,17.82,1038.41
2024-10-08 05:00:00,86.69,19.45,1010.77
2024-10-08 06:00:00,88.82,19.56,1025.41
2024-10-08 07:00:00,81.49,18.15,1196.31
2024-10-08 08:00:00,73.33,18.71,895.79
2024-10-08 09:00:00,97.81,48.11,1290.33
2024-10-08 10:00:00,87.07,22.8,985.63
2024-10-08 11:00:00,66.83,18.52,1014.37
2024-10-08 12:00:00,78.69,23.48,997.72
2024-10-08 13:00:00,71.07,18.33,978.79
2024-10-08 14:00:00,75.29,25.87,971.51
2024-10-08 15:00:00,87.78,21.85,1016.48
2024-10-08 16:00:00,76.91,19.46,924.14
2024-10-08 17:00:00,75.46,22.24,1037.53
2024-10-08 18:00:00,61.4,12.15,979.19
2024-10-08 19:00:00,82.46,14.37,943.5
2024-10-08 20:00:00,81.45,14.03,977.5
2024-10-08 21:00:00,96.63,20.71,1062.86
2024-10-08 22:00:00,71.92,28.66,973.23
2024-10-08 23:00:00,77.19,31.16,1017.92
2024-10-09 00:00:00,77.49,23.19,963.45
2024-10-09 01:00:00,90.77,22.5,1037.9
2024-10-09 02:00:00,74.05,10.99,1034.28
2024-10-09 03:00:00,77.79,17.29,1092.43
2024-10-09 04:00:00,81.08,16.06,991.22
2024-10-09 05:00:00,76.87,16.9,1033.43
2024-10-09 06:00:00,70.54,19.16,1004.9
2024-10-09 07:00:00,76.94,17.64,1064.79
2024-10-09 08:00:00,85.74,10.1,964.06
2024-10-09 09:00:00,64.73,23.74,1037.25
2024-10-09 10:00:00,76.33,14.64,990.27
2024-10-09 11:00:00,68.0,21.2,996.79
2024-10-09 12:00:00,95.54,35.97,1193.56
2024-10-09 13:00:00,59.77,15.4,1012.61
2024-10-09 14:00:00,69.41,7.35,994.19
2024-10-09 15:00:00,78.77,18.57,1010.74
2024-10-09 16:00:00,90.66,25.5,1078.91
2024-10-09 17:00:00,74.34,29.79,1049.27
2024-10-09 18:00:00,69.45,13.85,1043.46
2024-10-09 19:00:00,93.81,22.48,977.22
2024-10-09 20:00:00,60.52,17.67,955.54
2024-10-09 21:00:00,53.01,19.47,1047.77
2024-10-09 22:00:00,79.4,33.22,1043.8
2024-10-09 23:00:00,69.98,12.49,1073.63
2024-10-10 00:00:00,64.79,21.27,969.8
2024-10-10 01:00:00,82.08,22.34,988.52
2024-10-10 02:00:00,77.44,25.43,918.03
2024-10-10 03:00:00,69.36,20.49,980.38
2024-10-10 04:00:00,62.2,21.54,1049.83
2024-10-10 05:00:00,83.72,18.04,976.68
2024-10-10 06:00:00,81.5,21.35,1032.02
2024-10-10 07:00:00,74.01,18.28,990.47
2024-10-10 08:00:00,93.47,23.11,1016.2
2024-10-10 09:00:00,64.3,18.15,942.62
2024-10-10 10:00:00,59.74,21.89,1004.26
2024-10-10 11:00:00,68.08,19.85,850.44
2024-10-10 12:00:00,74.54,25.63,990.66
2024-10-10 13:00:00,77.43,19.74,918.48
2024-10-10 14:00:00,72.59,11.13,1060.3
2024-10-10 15:00:00,78.52,26.31,1038.87
2024-10-10 16:00:00,109.52,44.95,1188.95
2024-10-10 17:00:00,89.44,16.73,1076.05
2024-10-10 18:00:00,74.18,17.02,952.55
2024-10-10 19:00:00,86.17,26.87,1087.37
2024-10-10 20:00:00,78.43,9.32,1046.61
2024-10-10 21:00:00,79.57,35.69,988.17
2024-10-10 22:00:00,80.7,25.28,1056.78
2024-10-10 23:00:00,79.48,21.12,944.69
2024-10-11 00:00:00,81.43,19.73,958.77
2024-10-11 01:00:00,88.29,21.43,969.57
2024-10-11 02:00:00,76.97,22.61,973.55
2024-10-11 03:00:00,82.09,23.23,947.17
2024-10-11 04:00:00,74.1,22.78,1061.15
2024-10-11 05:00:00,89.4,20.45,987.06
2024-10-11 06:00:00,68.24,19.01,1017.63
2024-10-11 07:00:00,99.69,31.54,1217.03
2024-10-11 08:00:00,74.6,19.03,908.97
2024-10-11 09:00:00,60.69,25.67,1013.5
2024-10-11 10:00:00,76.28,22.97,904.39
2024-10-11 11:00:00,68.19,5.3,996.57
2024-10-11 12:00:00,83.41,23.28,931.58
2024-10-11 13:00:00,68.47,20.97,1099.36
2024-10-11 14:00:00,70.54,19.91,1045.57
2024-10-11 15:00:00,56.1,18.06,1005.29
2024-10-11 16:00:00,70.48,25.62,1063.19
2024-10-11 17:00:00,50.76,24.74,957.68
2024-10-11 18:00:00,59.16,16.14,1027.17
2024-10-11 19:00:00,82.6,22.04,1009.99
2024-10-11 20:00:00,82.86,15.14,1013.2
2024-10-11 21:00:00,79.25,13.1,1063.62
2024-10-11 22:00:00,65.33,16.87,1036.62
2024-10-11 23:00:00,96.25,43.82,1210.58
2024-10-12 00:00:00,74.96,24.77,917.26
2024-10-12 01:00:00,63.42,22.57,952.0
2024-10-12 02:00:00,90.03,23.63,993.86
2024-10-12 03:00:00,83.77,22.58,1004.67
2024-10-12 04:00:00,92.55,46.71,1170.35
2024-10-12 05:00:00,75.27,22.16,1120.58
2024-10-12 06:00:00,109.05,38.62,1216.57
2024-10-12 07:00:00,54.58,23.77,1030.11
2024-10-12 08:00:00,72.53,25.94,1003.6
2024-10-12 09:00:00,68.18,23.54,989.39
2024-10-12 10:00:00,102.9,45.02,1240.84
2024-10-12 11:00:00,72.19,25.35,1003.87
2024-10-12 12:00:00,92.98,19.87,1012.89
2024-10-12 13:00:00,81.41,15.59,937.91
2024-10-12 14:00:00,69.29,19.18,1016.71
2024-10-12 15:00:00,80.73,16.28,992.24
