Timestamp,Equipment_ID,Sensor1_Temperature_C,Sensor2_Vibration_Hz,Sensor3_Pressure_Pa
2024-09-01 00:00:00.000000000,A125,69.02,14.84,1031.8
2024-09-01 00:33:09.189189189,A125,87.64,31.84,830.96
2024-09-01 01:06:18.378378378,A123,84.18,19.19,1264.58
2024-09-01 01:39:27.567567567,A126,70.07,26.05,1024.5
2024-09-01 02:12:36.756756756,A124,75.59,23.07,869.28
2024-09-01 02:45:45.945945945,A123,64.06,18.66,1254.29
2024-09-01 03:18:55.135135135,A123,44.61,19.57,1042.46
2024-09-01 03:52:04.324324324,A124,72.2,20.38,965.07
2024-09-01 04:25:13.513513513,A126,77.18,20.9,821.47
2024-09-01 04:58:22.702702702,A123,83.26,17.23,1401.75
2024-09-01 05:31:31.891891891,A123,56.72,25.91,1067.37
2024-09-01 06:04:41.081081081,A124,64.92,18.37,930.2
2024-09-01 06:37:50.270270270,A125,105.72,16.47,1062.29
2024-09-01 07:10:59.459459459,A123,55.84,5.89,658.11
2024-09-01 07:44:08.648648648,A125,60.24,23.97,1379.07
2024-09-01 08:17:17.837837837,A126,89.62,15.65,780.46
2024-09-01 08:50:27.027027027,A124,87.23,18.44,941.21
2024-09-01 09:23:36.216216216,A125,68.8,32.08,1014.25
2024-09-01 09:56:45.405405405,A126,82.57,19.42,873.15
2024-09-01 10:29:54.594594594,A123,85.33,22.97,1181.23
2024-09-01 11:03:03.783783783,A123,61.55,20.07,1229.25
2024-09-01 11:36:12.972972972,A124,93.29,28.01,850.73
2024-09-01 12:09:22.162162162,A126,107.0,18.61,1163.93
2024-09-01 12:42:31.351351351,A123,89.0,25.55,832.59
2024-09-01 13:15:40.540540540,A124,59.44,15.76,1033.39
2024-09-01 13:48:49.729729729,A123,87.1,21.97,1359.62
2024-09-01 14:21:58.918918918,A125,71.45,18.96,986.92
2024-09-01 14:55:08.108108108,A123,67.63,25.53,839.43
2024-09-01 15:28:17.297297297,A126,65.25,13.06,1162.88
2024-09-01 16:01:26.486486486,A126,71.5,19.13,1006.01
2024-09-01 16:34:35.675675675,A123,83.02,18.79,971.75
2024-09-01 17:07:44.864864864,A126,70.89,16.41,554.5
2024-09-01 17:40:54.054054054,A123,56.77,12.3,1198.03
2024-09-01 18:14:03.243243243,A124,70.5,18.54,1471.8
2024-09-01 18:47:12.432432432,A125,68.43,15.95,837.98
2024-09-01 19:20:21.621621621,A124,105.83,25.27,856.59
2024-09-01 19:53:30.810810810,A123,73.7,25.74,1013.31
2024-09-01 20:26:40.000000000,A124,62.94,22.65,1011.92
2024-09-01 20:59:49.189189189,A124,72.87,18.0,902.99
2024-09-01 21:32:58.378378378,A124,46.19,16.06,1215.57
2024-09-01 22:06:07.567567567,A126,106.06,16.95,768.69
2024-09-01 22:39:16.756756756,A125,74.18,22.06,1256.91
2024-09-01 23:12:25.945945945,A125,69.91,24.46,755.18
2024-09-01 23:45:35.135135135,A123,78.64,10.43,1291.15
2024-09-02 00:18:44.324324324,A123,42.29,23.91,902.15
2024-09-02 00:51:53.513513513,A126,78.95,27.46,1028.03
2024-09-02 01:25:02.702702702,A123,43.11,17.9,960.38
2024-09-02 01:58:11.891891891,A123,76.65,24.0,809.1
2024-09-02 02:31:21.081081081,A126,80.92,23.97,1051.35
2024-09-02 03:04:30.270270270,A124,82.09,17.83,1157.21
2024-09-02 03:37:39.459459459,A126,81.28,2.79,1066.1
2024-09-02 04:10:48.648648648,A126,67.89,17.09,829.08
2024-09-02 04:43:57.837837837,A124,64.26,21.12,869.63
2024-09-02 05:17:07.027027027,A126,69.25,20.84,952.95
2024-09-02 05:50:16.216216216,A126,110.95,15.01,732.85
2024-09-02 06:23:25.405405405,A125,69.72,22.57,1284.49
2024-09-02 06:56:34.594594594,A126,84.11,18.14,1048.87
2024-09-02 07:29:43.783783783,A123,61.45,22.7,947.28
2024-09-02 08:02:52.972972972,A124,50.08,24.48,1100.12
2024-09-02 08:36:02.162162162,A123,62.39,19.45,935.37
2024-09-02 09:09:11.351351351,A126,93.64,22.98,1487.06
2024-09-02 09:42:20.540540540,A124,86.58,25.22,1469.53
2024-09-02 10:15:29.729729729,A123,96.29,19.9,351.18
2024-09-02 10:48:38.918918918,A125,78.93,24.17,1057.8
2024-09-02 11:21:48.108108108,A123,91.27,16.38,531.06
2024-09-02 11:54:57.297297297,A123,77.26,19.81,992.38
2024-09-02 12:28:06.486486486,A124,91.84,28.46,1009.2
2024-09-02 13:01:15.675675675,A123,66.07,26.35,946.77
2024-09-02 13:34:24.864864864,A126,91.94,16.25,1073.16
2024-09-02 14:07:34.054054054,A125,75.26,18.05,644.03
2024-09-02 14:40:43.243243243,A124,64.23,25.19,1065.9
2024-09-02 15:13:52.432432432,A126,85.87,23.26,694.69
2024-09-02 15:47:01.621621621,A124,85.16,24.54,867.75
2024-09-02 16:20:10.810810810,A123,62.46,10.27,1273.73
2024-09-02 16:53:20.000000000,A126,83.34,20.85,856.28
2024-09-02 17:26:29.189189189,A126,81.99,18.47,1207.32
2024-09-02 17:59:38.378378378,A123,59.21,19.67,673.7
2024-09-02 18:32:47.567567567,A125,109.73,9.38,784.24
2024-09-02 19:05:56.756756756,A124,83.54,25.05,1016.79
2024-09-02 19:39:05.945945945,A124,54.82,11.79,979.8
2024-09-02 20:12:15.135135135,A124,109.51,16.31,1324.65
2024-09-02 20:45:24.324324324,A126,86.96,22.44,761.37
2024-09-02 21:18:33.513513513,A126,80.84,20.36,1133.15
2024-09-02 21:51:42.702702702,A123,104.24,24.15,690.21
2024-09-02 22:24:51.891891891,A124,58.49,19.41,1163.62
2024-09-02 22:58:01.081081081,A124,66.65,17.15,845.03
2024-09-02 23:31:10.270270270,A124,85.39,20.1,966.46
2024-09-03 00:04:19.459459459,A124,60.26,18.07,804.82
2024-09-03 00:37:28.648648648,A124,86.71,24.68,1129.35
2024-09-03 01:10:37.837837837,A125,71.77,21.96,713.29
2024-09-03 01:43:47.027027027,A125,75.13,17.51,913.33
2024-09-03 02:16:56.216216216,A126,85.77,26.66,884.88
2024-09-03 02:50:05.405405405,A123,87.96,25.16,1320.14
2024-09-03 03:23:14.594594594,A124,87.3,20.53,1051.67
2024-09-03 03:56:23.783783783,A123,73.59,11.18,903.36
2024-09-03 04:29:32.972972972,A123,69.21,19.9,845.64
2024-09-03 05:02:42.162162162,A125,54.95,21.88,1101.2
2024-09-03 05:35:51.351351351,A126,83.89,28.72,939.67
2024-09-03 06:09:00.540540540,A125,58.29,20.31,1182.41
2024-09-03 06:42:09.729729729,A124,64.09,20.05,568.34
2024-09-03 07:15:18.918918918,A124,66.03,25.0,1109.44
2024-09-03 07:48:28.108108108,A126,86.13,12.47,788.85
2024-09-03 08:21:37.297297297,A126,92.49,24.72,959.64
2024-09-03 08:54:46.486486486,A125,63.29,21.69,769.96
2024-09-03 09:27:55.675675675,A126,98.42,24.49,1108.95
2024-09-03 10:01:04.864864864,A125,93.49,9.82,1088.25
2024-09-03 10:34:14.054054054,A126,66.96,16.65,1134.85
2024-09-03 11:07:23.243243243,A126,54.61,9.05,768.1
2024-09-03 11:40:32.432432432,A123,119.77,22.48,1300.74
2024-09-03 12:13:41.621621621,A123,83.99,18.52,939.94
2024-09-03 12:46:50.810810810,A126,104.62,22.82,917.52
2024-09-03 13:20:00.000000000,A124,55.0,21.64,848.7
2024-09-03 13:53:09.189189189,A126,72.05,10.92,484.46
2024-09-03 14:26:18.378378378,A123,117.09,21.18,1288.93
2024-09-03 14:59:27.567567567,A125,64.89,13.7,699.73
2024-09-03 15:32:36.756756756,A124,82.64,14.06,1137.58
2024-09-03 16:05:45.945945945,A126,97.37,21.02,1302.97
2024-09-03 16:38:55.135135135,A124,63.46,15.83,1094.08
2024-09-03 17:12:04.324324324,A123,62.72,19.79,1254.36
2024-09-03 17:45:13.513513513,A124,69.12,12.3,1069.14
2024-09-03 18:18:22.702702702,A126,72.33,15.86,1101.19
2024-09-03 18:51:31.891891891,A124,71.22,19.17,790.47
2024-09-03 19:24:41.081081081,A126,81.45,16.08,775.82
2024-09-03 19:57:50.270270270,A125,80.49,21.03,932.42
2024-09-03 20:30:59.459459459,A125,86.76,19.54,806.99
2024-09-03 21:04:08.648648648,A124,75.31,23.14,1117.36
2024-09-03 21:37:17.837837837,A124,65.75,30.11,1049.97
2024-09-03 22:10:27.027027027,A124,91.15,19.64,970.16
2024-09-03 22:43:36.216216216,A125,66.82,11.84,978.95
2024-09-03 23:16:45.405405405,A123,93.83,18.77,1029.42
2024-09-03 23:49:54.594594594,A125,75.94,17.09,1050.92
2024-09-04 00:23:03.783783783,A123,23.84,17.66,1029.35
2024-09-04 00:56:12.972972972,A126,50.6,17.47,1200.09
2024-09-04 01:29:22.162162162,A126,57.85,21.75,1251.53
2024-09-04 02:02:31.351351351,A126,69.21,15.98,1295.4
2024-09-04 02:35:40.540540540,A124,70.27,20.13,665.92
2024-09-04 03:08:49.729729729,A126,75.46,16.56,1153.64
2024-09-04 03:41:58.918918918,A126,61.92,28.93,1047.91
2024-09-04 04:15:08.108108108,A123,63.72,27.72,1043.06
2024-09-04 04:48:17.297297297,A124,79.3,19.1,1066.96
2024-09-04 05:21:26.486486486,A124,51.95,15.99,972.59
2024-09-04 05:54:35.675675675,A124,81.97,24.96,1000.43
2024-09-04 06:27:44.864864864,A123,54.92,19.57,1000.88
2024-09-04 07:00:54.054054054,A125,61.92,20.98,1141.49
2024-09-04 07:34:03.243243243,A125,46.14,25.27,771.1
2024-09-04 08:07:12.432432432,A126,79.0,24.56,1034.49
2024-09-04 08:40:21.621621621,A123,75.02,18.75,1029.02
2024-09-04 09:13:30.810810810,A126,47.46,20.02,1275.48
2024-09-04 09:46:40.000000000,A123,59.91,22.35,1004.39
2024-09-04 10:19:49.189189189,A124,90.53,18.35,1205.32
2024-09-04 10:52:58.378378378,A125,84.88,29.57,1525.79
2024-09-04 11:26:07.567567567,A125,91.62,20.29,1304.79
2024-09-04 11:59:16.756756756,A123,67.93,23.4,1159.35
2024-09-04 12:32:25.945945945,A126,79.92,17.61,835.42
2024-09-04 13:05:35.135135135,A123,66.56,24.3,1074.44
2024-09-04 13:38:44.324324324,A124,58.46,18.82,548.61
2024-09-04 14:11:53.513513513,A126,71.23,17.83,1026.63
2024-09-04 14:45:02.702702702,A125,82.8,14.67,967.33
2024-09-04 15:18:11.891891891,A126,67.87,27.54,911.73
2024-09-04 15:51:21.081081081,A125,98.19,19.36,843.98
2024-09-04 16:24:30.270270270,A125,79.52,28.02,904.21
2024-09-04 16:57:39.459459459,A125,72.39,14.02,695.17
2024-09-04 17:30:48.648648648,A124,68.69,22.44,1197.33
2024-09-04 18:03:57.837837837,A126,75.14,17.8,983.88
2024-09-04 18:37:07.027027027,A123,88.02,25.5,770.86
2024-09-04 19:10:16.216216216,A125,32.49,22.42,1020.64
2024-09-04 19:43:25.405405405,A123,52.01,23.65,1305.66
2024-09-04 20:16:34.594594594,A125,83.37,16.65,843.36
2024-09-04 20:49:43.783783783,A125,92.45,15.87,872.47
2024-09-04 21:22:52.972972973,A123,66.87,23.13,723.15
2024-09-04 21:56:02.162162162,A123,75.05,22.75,1028.33
2024-09-04 22:29:11.351351351,A125,33.57,15.76,1077.39
2024-09-04 23:02:20.540540540,A125,71.1,21.24,898.8
2024-09-04 23:35:29.729729729,A125,64.88,26.18,975.36
2024-09-05 00:08:38.918918918,A125,78.07,25.08,862.83
2024-09-05 00:41:48.108108108,A126,84.37,20.9,1083.64
2024-09-05 01:14:57.297297297,A124,87.86,21.66,1218.22
2024-09-05 01:48:06.486486486,A123,61.38,27.29,764.73
2024-09-05 02:21:15.675675675,A125,42.08,18.81,819.78
2024-09-05 02:54:24.864864864,A126,89.04,16.14,951.27
2024-09-05 03:27:34.054054054,A124,75.07,21.33,893.5
2024-09-05 04:00:43.243243243,A124,85.57,25.52,1005.32
2024-09-05 04:33:52.432432432,A126,77.85,30.51,672.25
2024-09-05 05:07:01.621621621,A123,60.13,12.28,1062.57
2024-09-05 05:40:10.810810810,A124,85.71,24.31,1275.94
2024-09-05 06:13:20.000000000,A123,90.16,24.79,1395.54
2024-09-05 06:46:29.189189189,A123,87.57,20.45,1216.78
2024-09-05 07:19:38.378378378,A125,88.78,13.18,787.5
2024-09-05 07:52:47.567567567,A126,99.58,13.76,641.18
2024-09-05 08:25:56.756756756,A123,99.17,26.8,1024.46
2024-09-05 08:59:05.945945945,A126,85.64,24.34,790.12
2024-09-05 09:32:15.135135135,A123,58.83,24.67,772.79
2024-09-05 10:05:24.324324324,A124,82.64,17.7,1231.81
2024-09-05 10:38:33.513513513,A123,74.54,14.07,1145.24
2024-09-05 11:11:42.702702702,A124,79.93,20.85,1302.29
2024-09-05 11:44:51.891891891,A125,61.57,24.44,864.66
2024-09-05 12:18:01.081081081,A126,79.09,17.87,1123.39
2024-09-05 12:51:10.270270270,A124,80.05,19.41,903.58
2024-09-05 13:24:19.459459459,A123,55.28,20.38,1253.01
2024-09-05 13:57:28.648648648,A124,72.67,18.4,739.13
2024-09-05 14:30:37.837837837,A126,74.38,18.59,974.41
2024-09-05 15:03:47.027027027,A124,44.11,18.25,999.33
2024-09-05 15:36:56.216216216,A124,57.34,15.67,1205.38
2024-09-05 16:10:05.405405405,A124,98.7,11.49,1006.63
2024-09-05 16:43:14.594594594,A124,94.22,20.0,968.32
2024-09-05 17:16:23.783783783,A126,82.26,14.11,962.41
2024-09-05 17:49:32.972972973,A125,64.07,12.96,886.59
2024-09-05 18:22:42.162162162,A123,81.22,25.95,926.22
2024-09-05 18:55:51.351351351,A124,82.02,15.02,1161.87
2024-09-05 19:29:00.540540540,A126,70.21,19.97,887.07
2024-09-05 20:02:09.729729729,A123,70.15,24.4,1033.16
2024-09-05 20:35:18.918918918,A124,60.03,32.93,974.51
2024-09-05 21:08:28.108108108,A126,64.45,14.95,874.08
2024-09-05 21:41:37.297297297,A126,85.17,17.4,1007.91
2024-09-05 22:14:46.486486486,A125,62.26,22.73,1065.93
2024-09-05 22:47:55.675675675,A125,94.93,16.92,911.57
2024-09-05 23:21:04.864864864,A123,78.13,20.98,1309.29
2024-09-05 23:54:14.054054054,A124,86.9,14.45,1018.8
2024-09-06 00:27:23.243243243,A126,79.2,24.58,859.0
2024-09-06 01:00:32.432432432,A123,53.69,22.42,968.95
2024-09-06 01:33:41.621621621,A124,93.46,28.84,569.25
2024-09-06 02:06:50.810810810,A125,51.14,17.55,690.6
2024-09-06 02:40:00.000000000,A123,66.04,27.92,947.62
2024-09-06 03:13:09.189189189,A125,89.85,16.86,999.43
2024-09-06 03:46:18.378378378,A125,89.51,10.83,750.97
2024-09-06 04:19:27.567567567,A123,98.82,22.42,1006.41
2024-09-06 04:52:36.756756756,A124,85.1,17.11,1298.79
2024-09-06 05:25:45.945945945,A125,98.45,17.58,755.98
2024-09-06 05:58:55.135135135,A125,96.34,18.37,907.69
2024-09-06 06:32:04.324324324,A123,83.37,13.09,913.78
2024-09-06 07:05:13.513513513,A126,58.63,14.18,1176.26
2024-09-06 07:38:22.702702702,A125,60.36,17.65,1050.61
2024-09-06 08:11:31.891891891,A126,88.77,24.06,908.52
2024-09-06 08:44:41.081081081,A125,59.97,20.92,990.13
2024-09-06 09:17:50.270270270,A123,79.8,24.53,985.79
2024-09-06 09:50:59.459459459,A124,76.31,15.94,1364.69
2024-09-06 10:24:08.648648648,A125,94.78,19.94,1254.38
2024-09-06 10:57:17.837837837,A123,94.51,18.86,1352.39
2024-09-06 11:30:27.027027027,A126,86.04,17.33,1265.48
2024-09-06 12:03:36.216216216,A124,93.25,23.31,1417.57
2024-09-06 12:36:45.405405405,A123,80.58,31.63,891.86
2024-09-06 13:09:54.594594594,A125,78.95,12.36,1300.5
2024-09-06 13:43:03.783783783,A124,85.1,21.76,1153.54
2024-09-06 14:16:12.972972973,A125,88.86,20.66,1046.36
2024-09-06 14:49:22.162162162,A126,63.73,17.98,892.05
2024-09-06 15:22:31.351351351,A125,88.48,22.91,1446.04
2024-09-06 15:55:40.540540540,A124,61.96,20.91,1026.49
2024-09-06 16:28:49.729729729,A126,76.76,27.44,699.18
2024-09-06 17:01:58.918918918,A126,85.21,20.01,1153.33
2024-09-06 17:35:08.108108108,A126,65.68,15.73,954.74
2024-09-06 18:08:17.297297297,A124,79.8,16.64,1064.85
2024-09-06 18:41:26.486486486,A124,68.19,15.09,1047.09
2024-09-06 19:14:35.675675675,A125,77.77,16.29,750.46
2024-09-06 19:47:44.864864864,A124,91.91,20.85,802.86
2024-09-06 20:20:54.054054054,A123,58.29,16.17,1476.22
2024-09-06 20:54:03.243243243,A126,54.21,25.21,702.5
2024-09-06 21:27:12.432432432,A124,82.28,26.73,1144.78
2024-09-06 22:00:21.621621621,A126,65.02,28.81,960.02
2024-09-06 22:33:30.810810810,A124,62.13,14.0,1266.13
2024-09-06 23:06:40.000000000,A126,78.18,18.23,1259.31
2024-09-06 23:39:49.189189189,A126,86.96,25.19,618.39
2024-09-07 00:12:58.378378378,A125,83.3,26.52,940.05
2024-09-07 00:46:07.567567567,A125,93.88,17.18,942.01
2024-09-07 01:19:16.756756756,A126,78.33,25.9,343.24
2024-09-07 01:52:25.945945945,A126,81.03,23.03,886.14
2024-09-07 02:25:35.135135135,A123,65.87,25.0,1109.99
2024-09-07 02:58:44.324324324,A124,85.26,31.88,1057.01
2024-09-07 03:31:53.513513513,A125,50.47,19.48,1039.94
2024-09-07 04:05:02.702702702,A123,49.59,27.65,1178.6
2024-09-07 04:38:11.891891891,A123,46.82,27.37,1240.93
2024-09-07 05:11:21.081081081,A125,70.7,7.53,894.56
2024-09-07 05:44:30.270270270,A126,84.82,14.99,700.2
2024-09-07 06:17:39.459459459,A126,69.07,22.46,979.1
2024-09-07 06:50:48.648648648,A123,69.12,28.31,1219.57
2024-09-07 07:23:57.837837837,A123,64.31,17.97,668.62
2024-09-07 07:57:07.027027027,A125,50.2,24.96,1021.8
2024-09-07 08:30:16.216216216,A123,71.93,15.73,941.66
2024-09-07 09:03:25.405405405,A126,62.07,21.94,1313.08
2024-09-07 09:36:34.594594594,A124,85.24,13.24,1099.23
2024-09-07 10:09:43.783783783,A126,97.62,24.58,1096.51
2024-09-07 10:42:52.972972973,A126,55.05,22.65,1144.14
2024-09-07 11:16:02.162162162,A124,82.64,21.3,1274.8
2024-09-07 11:49:11.351351351,A123,56.68,25.06,510.03
2024-09-07 12:22:20.540540540,A126,77.77,18.91,976.33
2024-09-07 12:55:29.729729729,A126,57.02,1.59,1111.48
2024-09-07 13:28:38.918918918,A124,87.34,17.1,1197.26
2024-09-07 14:01:48.108108108,A125,67.6,22.9,886.05
2024-09-07 14:34:57.297297297,A124,86.06,14.09,776.41
2024-09-07 15:08:06.486486486,A125,56.4,11.44,840.77
2024-09-07 15:41:15.675675675,A123,75.1,32.15,848.08
2024-09-07 16:14:24.864864864,A125,64.0,19.77,1151.79
2024-09-07 16:47:34.054054054,A124,74.82,20.43,531.65
2024-09-07 17:20:43.243243243,A125,86.32,24.88,1071.01
2024-09-07 17:53:52.432432432,A125,75.1,22.7,891.9
2024-09-07 18:27:01.621621621,A124,82.95,23.85,911.37
2024-09-07 19:00:10.810810810,A123,69.59,30.78,1247.1
2024-09-07 19:33:20.000000000,A124,58.27,19.34,1014.25
2024-09-07 20:06:29.189189189,A124,51.95,30.93,909.85
2024-09-07 20:39:38.378378378,A125,88.37,16.47,1229.23
2024-09-07 21:12:47.567567567,A125,99.17,13.79,867.35
2024-09-07 21:45:56.756756756,A124,109.63,17.59,934.64
2024-09-07 22:19:05.945945946,A123,74.61,19.6,897.41
2024-09-07 22:52:15.135135135,A124,86.21,19.84,864.91
2024-09-07 23:25:24.324324324,A125,56.36,19.74,735.07
2024-09-07 23:58:33.513513513,A123,82.43,20.93,828.32
2024-09-08 00:31:42.702702702,A125,47.45,27.47,1013.52
2024-09-08 01:04:51.891891891,A123,95.48,13.41,894.0
2024-09-08 01:38:01.081081081,A123,62.83,15.97,909.63
2024-09-08 02:11:10.270270270,A126,71.17,20.24,870.52
2024-09-08 02:44:19.459459459,A124,83.22,17.0,1081.75
2024-09-08 03:17:28.648648648,A123,95.68,19.86,1311.43
2024-09-08 03:50:37.837837837,A125,83.62,26.24,900.68
2024-09-08 04:23:47.027027027,A124,64.11,9.86,799.39
2024-09-08 04:56:56.216216216,A123,68.61,25.35,1176.19
2024-09-08 05:30:05.405405405,A123,62.72,19.81,1051.36
2024-09-08 06:03:14.594594594,A126,62.66,21.14,778.27
2024-09-08 06:36:23.783783783,A126,67.98,28.97,863.73
2024-09-08 07:09:32.972972973,A123,80.6,21.3,920.46
2024-09-08 07:42:42.162162162,A124,68.47,25.91,1176.71
2024-09-08 08:15:51.351351351,A125,72.67,11.81,892.88
2024-09-08 08:49:00.540540540,A126,65.48,21.1,725.61
2024-09-08 09:22:09.729729729,A124,87.21,23.72,732.54
2024-09-08 09:55:18.918918918,A123,74.8,13.72,897.5
2024-09-08 10:28:28.108108108,A125,84.16,16.62,1093.46
2024-09-08 11:01:37.297297297,A125,72.5,18.74,985.77
2024-09-08 11:34:46.486486486,A126,73.41,19.8,1030.62
2024-09-08 12:07:55.675675675,A126,76.72,33.58,969.52
2024-09-08 12:41:04.864864864,A124,63.35,27.16,820.32
2024-09-08 13:14:14.054054054,A123,95.42,19.61,1271.44
2024-09-08 13:47:23.243243243,A123,75.16,25.16,1045.19
2024-09-08 14:20:32.432432432,A124,92.48,24.59,778.01
2024-09-08 14:53:41.621621621,A126,87.47,23.21,875.67
2024-09-08 15:26:50.810810810,A126,87.35,26.06,694.52
2024-09-08 16:00:00.000000000,A126,77.33,19.63,1035.02
2024-09-08 16:33:09.189189189,A126,57.2,11.63,1000.28
2024-09-08 17:06:18.378378378,A123,58.79,12.84,1239.01
2024-09-08 17:39:27.567567567,A126,98.91,18.33,1008.08
2024-09-08 18:12:36.756756756,A125,78.74,27.49,1061.59
2024-09-08 18:45:45.945945946,A126,55.09,13.8,1430.71
2024-09-08 19:18:55.135135135,A124,72.94,16.38,759.84
2024-09-08 19:52:04.324324324,A126,83.2,19.32,1209.84
2024-09-08 20:25:13.513513513,A125,69.18,25.45,983.07
2024-09-08 20:58:22.702702702,A125,55.88,21.07,780.81
2024-09-08 21:31:31.891891891,A126,88.41,22.63,1135.73
2024-09-08 22:04:41.081081081,A123,69.66,17.83,1227.96
2024-09-08 22:37:50.270270270,A126,59.3,11.21,1240.94
2024-09-08 23:10:59.459459459,A126,80.54,15.69,1125.7
2024-09-08 23:44:08.648648648,A124,101.22,19.44,714.39
2024-09-09 00:17:17.837837837,A123,80.13,15.83,686.91
2024-09-09 00:50:27.027027027,A125,69.41,24.25,699.33
2024-09-09 01:23:36.216216216,A125,62.15,24.3,1216.35
2024-09-09 01:56:45.405405405,A123,87.59,23.12,976.28
2024-09-09 02:29:54.594594594,A123,85.6,20.44,798.46
2024-09-09 03:03:03.783783783,A125,71.89,18.23,1145.44
2024-09-09 03:36:12.972972973,A126,84.45,17.36,916.29
2024-09-09 04:09:22.162162162,A126,59.5,21.98,1117.65
2024-09-09 04:42:31.351351351,A126,56.22,19.78,962.72
2024-09-09 05:15:40.540540540,A126,46.53,19.92,856.22
2024-09-09 05:48:49.729729729,A124,73.09,16.97,884.29
2024-09-09 06:21:58.918918918,A124,71.37,23.43,1316.59
2024-09-09 06:55:08.108108108,A125,65.33,21.65,1071.63
2024-09-09 07:28:17.297297297,A123,82.97,10.6,1246.32
2024-09-09 08:01:26.486486486,A123,86.81,27.5,1055.31
2024-09-09 08:34:35.675675675,A125,92.44,17.69,981.6
2024-09-09 09:07:44.864864864,A123,80.8,22.66,942.89
2024-09-09 09:40:54.054054054,A126,62.81,26.99,936.12
2024-09-09 10:14:03.243243243,A124,56.86,11.93,1126.04
2024-09-09 10:47:12.432432432,A124,88.77,15.22,753.2
2024-09-09 11:20:21.621621621,A124,90.18,21.48,870.46
2024-09-09 11:53:30.810810810,A125,106.11,21.97,729.5
2024-09-09 12:26:40.000000000,A123,72.85,21.97,871.94
2024-09-09 12:59:49.189189189,A123,87.41,23.39,744.67
2024-09-09 13:32:58.378378378,A124,62.81,14.52,826.16
2024-09-09 14:06:07.567567567,A126,82.46,16.57,908.74
2024-09-09 14:39:16.756756756,A126,69.84,14.89,1137.1
2024-09-09 15:12:25.945945946,A123,87.05,19.16,1205.96
2024-09-09 15:45:35.135135135,A125,61.82,13.99,1134.9
2024-09-09 16:18:44.324324324,A126,69.18,15.68,1190.11
2024-09-09 16:51:53.513513513,A126,73.4,25.85,1341.25
2024-09-09 17:25:02.702702702,A123,88.3,20.62,1246.46
2024-09-09 17:58:11.891891891,A124,69.88,13.57,823.93
2024-09-09 18:31:21.081081081,A126,77.05,18.63,865.57
2024-09-09 19:04:30.270270270,A126,54.15,28.11,948.01
2024-09-09 19:37:39.459459459,A125,104.32,14.53,1140.14
2024-09-09 20:10:48.648648648,A125,75.54,13.34,1291.67
2024-09-09 20:43:57.837837837,A126,54.24,24.72,1039.24
2024-09-09 21:17:07.027027027,A126,78.41,18.25,879.21
2024-09-09 21:50:16.216216216,A123,51.12,25.25,920.67
2024-09-09 22:23:25.405405405,A124,46.71,29.42,1034.15
2024-09-09 22:56:34.594594594,A124,67.5,25.1,1149.99
2024-09-09 23:29:43.783783783,A125,60.19,27.37,1040.73
2024-09-10 00:02:52.972972973,A123,104.76,7.29,1268.16
2024-09-10 00:36:02.162162162,A126,73.77,28.41,1039.59
2024-09-10 01:09:11.351351351,A126,66.52,25.31,932.28
2024-09-10 01:42:20.540540540,A126,77.38,18.57,1117.0
2024-09-10 02:15:29.729729729,A126,79.68,29.09,1130.95
2024-09-10 02:48:38.918918918,A126,81.54,21.03,1000.38
2024-09-10 03:21:48.108108108,A123,84.2,25.26,1095.5
2024-09-10 03:54:57.297297297,A124,83.25,22.47,1089.96
2024-09-10 04:28:06.486486486,A126,91.73,21.34,732.59
2024-09-10 05:01:15.675675675,A126,84.1,22.67,1019.0
2024-09-10 05:34:24.864864864,A124,71.99,26.25,1210.36
2024-09-10 06:07:34.054054054,A125,64.68,19.88,1156.61
2024-09-10 06:40:43.243243243,A126,88.73,17.52,787.29
2024-09-10 07:13:52.432432432,A124,80.8,9.33,674.75
2024-09-10 07:47:01.621621621,A126,75.37,20.46,703.16
2024-09-10 08:20:10.810810810,A124,85.84,20.17,1309.4
2024-09-10 08:53:20.000000000,A125,99.45,19.76,1034.51
2024-09-10 09:26:29.189189189,A123,61.53,11.11,1018.43
2024-09-10 09:59:38.378378378,A124,75.33,22.09,742.76
2024-09-10 10:32:47.567567567,A123,87.1,20.26,1159.91
2024-09-10 11:05:56.756756756,A124,73.9,8.38,1179.41
2024-09-10 11:39:05.945945946,A124,99.23,16.35,886.94
2024-09-10 12:12:15.135135135,A125,82.73,17.28,1021.37
2024-09-10 12:45:24.324324324,A125,60.61,22.05,888.63
2024-09-10 13:18:33.513513513,A124,84.22,18.69,917.91
2024-09-10 13:51:42.702702702,A123,67.73,13.54,1010.48
2024-09-10 14:24:51.891891891,A125,73.89,13.39,912.12
2024-09-10 14:58:01.081081081,A124,81.05,19.35,1066.62
2024-09-10 15:31:10.270270270,A123,60.15,18.07,785.75
2024-09-10 16:04:19.459459459,A126,58.4,24.84,1221.9
2024-09-10 16:37:28.648648648,A125,42.34,22.34,1145.21
2024-09-10 17:10:37.837837837,A123,89.25,15.92,1211.11
2024-09-10 17:43:47.027027027,A125,63.9,24.07,1053.55
2024-09-10 18:16:56.216216216,A123,49.55,17.8,862.44
2024-09-10 18:50:05.405405405,A123,79.5,18.67,821.95
2024-09-10 19:23:14.594594594,A125,60.55,18.11,843.11
2024-09-10 19:56:23.783783783,A124,48.76,27.82,1300.25
2024-09-10 20:29:32.972972973,A125,67.59,20.9,671.54
2024-09-10 21:02:42.162162162,A126,61.18,31.43,1090.31
2024-09-10 21:35:51.351351351,A123,84.69,25.32,1443.69
2024-09-10 22:09:00.540540540,A123,59.3,23.07,938.81
2024-09-10 22:42:09.729729729,A126,67.54,24.46,696.12
2024-09-10 23:15:18.918918918,A123,49.52,25.19,1181.28
2024-09-10 23:48:28.108108108,A126,68.65,25.25,1133.76
2024-09-11 00:21:37.297297297,A124,59.02,21.7,944.04
2024-09-11 00:54:46.486486486,A123,96.32,19.52,1485.44
2024-09-11 01:27:55.675675675,A125,71.45,15.62,886.69
2024-09-11 02:01:04.864864864,A124,67.07,24.17,643.09
2024-09-11 02:34:14.054054054,A124,58.5,22.41,933.67
2024-09-11 03:07:23.243243243,A124,67.55,21.66,835.66
2024-09-11 03:40:32.432432432,A123,95.12,23.52,1026.26
2024-09-11 04:13:41.621621621,A124,78.39,17.08,769.38
2024-09-11 04:46:50.810810810,A125,71.44,20.49,923.94
2024-09-11 05:20:00.000000000,A126,83.78,17.55,1189.25
2024-09-11 05:53:09.189189189,A126,83.01,22.56,534.04
2024-09-11 06:26:18.378378378,A123,94.8,20.22,639.78
2024-09-11 06:59:27.567567567,A124,54.12,20.08,833.38
2024-09-11 07:32:36.756756756,A126,66.8,20.76,1009.31
2024-09-11 08:05:45.945945946,A124,70.83,23.57,1221.6
2024-09-11 08:38:55.135135135,A123,60.96,17.6,987.8
2024-09-11 09:12:04.324324324,A126,64.9,19.57,1100.48
2024-09-11 09:45:13.513513513,A124,68.74,18.79,1031.31
2024-09-11 10:18:22.702702702,A126,81.53,22.5,1354.12
2024-09-11 10:51:31.891891891,A125,53.16,18.28,592.05
2024-09-11 11:24:41.081081081,A126,74.41,27.73,1071.12
2024-09-11 11:57:50.270270270,A124,76.3,23.89,1002.19
2024-09-11 12:30:59.459459459,A123,81.01,26.09,881.78
2024-09-11 13:04:08.648648648,A123,85.47,14.76,1052.75
2024-09-11 13:37:17.837837837,A125,97.49,24.52,1231.9
2024-09-11 14:10:27.027027027,A124,76.05,20.01,1127.48
2024-09-11 14:43:36.216216216,A126,71.81,19.85,975.39
2024-09-11 15:16:45.405405405,A123,81.58,14.36,1160.87
2024-09-11 15:49:54.594594594,A123,66.46,17.3,1063.01
2024-09-11 16:23:03.783783783,A125,43.73,18.14,958.31
2024-09-11 16:56:12.972972973,A124,87.23,18.26,494.63
2024-09-11 17:29:22.162162162,A124,91.79,19.85,1109.3
2024-09-11 18:02:31.351351351,A125,86.67,19.02,1403.31
2024-09-11 18:35:40.540540540,A124,84.14,11.47,473.11
2024-09-11 19:08:49.729729729,A126,66.68,22.79,882.95
2024-09-11 19:41:58.918918918,A125,60.4,17.9,1320.92
2024-09-11 20:15:08.108108108,A124,62.3,28.27,1359.09
2024-09-11 20:48:17.297297297,A123,88.09,15.49,1299.19
2024-09-11 21:21:26.486486486,A125,70.2,22.33,973.36
2024-09-11 21:54:35.675675675,A123,81.94,15.55,905.8
2024-09-11 22:27:44.864864864,A123,69.14,11.13,957.54
2024-09-11 23:00:54.054054054,A123,83.41,22.01,1161.63
2024-09-11 23:34:03.243243243,A126,96.44,16.53,1132.32
2024-09-12 00:07:12.432432432,A123,63.56,22.37,693.7
2024-09-12 00:40:21.621621621,A123,50.54,13.04,736.01
2024-09-12 01:13:30.810810810,A126,86.61,14.99,1049.15
2024-09-12 01:46:40.000000000,A124,70.21,18.07,880.61
2024-09-12 02:19:49.189189189,A124,80.65,16.41,1308.54
2024-09-12 02:52:58.378378378,A126,73.29,14.59,797.67
2024-09-12 03:26:07.567567567,A123,47.32,20.07,954.4
2024-09-12 03:59:16.756756756,A126,80.85,16.38,582.97
2024-09-12 04:32:25.945945946,A123,61.39,18.96,862.64
2024-09-12 05:05:35.135135135,A124,62.43,19.59,1084.72
2024-09-12 05:38:44.324324324,A125,83.99,21.26,1245.45
2024-09-12 06:11:53.513513513,A126,93.57,20.71,971.83
2024-09-12 06:45:02.702702702,A123,61.14,22.85,1064.53
2024-09-12 07:18:11.891891891,A123,75.96,15.75,1307.57
2024-09-12 07:51:21.081081081,A126,80.82,21.8,834.71
2024-09-12 08:24:30.270270270,A123,79.15,13.99,1132.0
2024-09-12 08:57:39.459459459,A125,79.2,21.14,842.31
2024-09-12 09:30:48.648648648,A126,59.59,21.97,1130.04
2024-09-12 10:03:57.837837837,A126,104.65,16.81,1080.15
2024-09-12 10:37:07.027027027,A124,88.17,18.2,1056.08
2024-09-12 11:10:16.216216216,A123,51.22,24.3,1051.53
2024-09-12 11:43:25.405405405,A126,74.85,27.59,459.17
2024-09-12 12:16:34.594594594,A124,80.33,16.93,1077.18
2024-09-12 12:49:43.783783783,A124,82.57,14.27,939.86
2024-09-12 13:22:52.972972973,A123,83.12,16.91,845.83
2024-09-12 13:56:02.162162162,A125,87.53,28.63,1070.03
2024-09-12 14:29:11.351351351,A125,74.54,14.09,1113.81
2024-09-12 15:02:20.540540540,A123,86.83,16.69,754.22
2024-09-12 15:35:29.729729729,A126,88.88,18.08,1014.98
2024-09-12 16:08:38.918918918,A126,73.99,13.1,1443.44
2024-09-12 16:41:48.108108108,A124,56.81,31.56,1037.43
2024-09-12 17:14:57.297297297,A123,90.21,20.05,665.74
2024-09-12 17:48:06.486486486,A123,84.07,16.93,1072.7
2024-09-12 18:21:15.675675675,A125,109.29,22.1,1449.13
2024-09-12 18:54:24.864864864,A124,79.7,20.56,1353.99
2024-09-12 19:27:34.054054054,A123,68.91,27.6,1052.91
2024-09-12 20:00:43.243243243,A123,72.87,30.1,1060.55
2024-09-12 20:33:52.432432432,A125,80.41,18.34,1191.74
2024-09-12 21:07:01.621621621,A124,77.53,25.12,1268.94
2024-09-12 21:40:10.810810810,A123,72.15,17.68,983.16
2024-09-12 22:13:20.000000000,A126,93.77,16.01,1405.24
2024-09-12 22:46:29.189189189,A124,76.87,19.78,589.6
2024-09-12 23:19:38.378378378,A124,76.08,20.87,1301.54
2024-09-12 23:52:47.567567567,A123,80.09,22.75,1066.58
2024-09-13 00:25:56.756756756,A125,78.13,20.06,1176.7
2024-09-13 00:59:05.945945946,A123,83.66,29.15,1424.49
2024-09-13 01:32:15.135135135,A125,44.84,19.26,601.54
2024-09-13 02:05:24.324324324,A123,72.07,22.24,875.95
2024-09-13 02:38:33.513513513,A125,60.51,33.77,1282.52
2024-09-13 03:11:42.702702702,A125,88.72,10.4,1069.92
2024-09-13 03:44:51.891891891,A123,81.85,33.87,670.21
2024-09-13 04:18:01.081081081,A124,91.04,12.37,664.49
2024-09-13 04:51:10.270270270,A125,97.56,20.29,805.08
2024-09-13 05:24:19.459459459,A125,60.19,21.72,1102.24
2024-09-13 05:57:28.648648648,A126,71.29,18.51,986.18
2024-09-13 06:30:37.837837837,A123,87.57,14.5,1141.76
2024-09-13 07:03:47.027027027,A126,81.2,19.78,944.84
2024-09-13 07:36:56.216216216,A125,74.16,15.13,929.2
2024-09-13 08:10:05.405405405,A125,64.91,27.89,972.35
2024-09-13 08:43:14.594594594,A125,87.98,15.35,872.91
2024-09-13 09:16:23.783783783,A123,51.19,13.62,874.31
2024-09-13 09:49:32.972972973,A125,72.91,28.62,1246.9
2024-09-13 10:22:42.162162162,A123,87.32,13.26,884.84
2024-09-13 10:55:51.351351351,A125,88.54,18.9,910.14
2024-09-13 11:29:00.540540540,A123,65.32,22.98,988.92
2024-09-13 12:02:09.729729729,A123,91.09,26.45,1263.08
2024-09-13 12:35:18.918918918,A125,61.9,11.14,860.14
2024-09-13 13:08:28.108108108,A123,44.16,11.2,1085.3
2024-09-13 13:41:37.297297297,A126,75.49,21.6,1065.28
2024-09-13 14:14:46.486486486,A123,73.59,31.88,1087.04
2024-09-13 14:47:55.675675675,A123,62.13,23.38,573.22
2024-09-13 15:21:04.864864864,A125,74.67,21.89,822.83
2024-09-13 15:54:14.054054054,A124,72.68,27.53,969.6
2024-09-13 16:27:23.243243243,A124,97.53,18.24,939.2
2024-09-13 17:00:32.432432432,A125,82.54,23.95,1008.91
2024-09-13 17:33:41.621621621,A125,82.54,14.37,1379.8
2024-09-13 18:06:50.810810810,A126,103.54,26.97,1081.84
2024-09-13 18:40:00.000000000,A125,74.05,24.33,849.09
2024-09-13 19:13:09.189189189,A126,68.4,20.66,959.51
2024-09-13 19:46:18.378378378,A126,55.85,23.31,961.24
2024-09-13 20:19:27.567567567,A123,62.93,29.3,665.29
2024-09-13 20:52:36.756756756,A125,75.84,23.2,965.9
2024-09-13 21:25:45.945945946,A123,101.33,18.04,1210.84
2024-09-13 21:58:55.135135135,A125,41.94,15.24,883.73
2024-09-13 22:32:04.324324324,A124,78.38,18.54,1071.0
2024-09-13 23:05:13.513513513,A126,72.11,13.38,665.07
2024-09-13 23:38:22.702702702,A124,90.18,18.5,816.03
2024-09-14 00:11:31.891891891,A123,54.82,16.53,1233.82
2024-09-14 00:44:41.081081081,A125,94.51,32.04,1215.11
2024-09-14 01:17:50.270270270,A124,77.98,14.21,657.91
2024-09-14 01:50:59.459459459,A126,53.18,17.58,1247.0
2024-09-14 02:24:08.648648648,A126,72.28,28.04,643.3
2024-09-14 02:57:17.837837837,A123,69.01,15.85,1199.34
2024-09-14 03:30:27.027027027,A123,73.81,16.61,993.3
2024-09-14 04:03:36.216216216,A123,71.99,17.59,993.95
2024-09-14 04:36:45.405405405,A126,68.49,6.84,1240.68
2024-09-14 05:09:54.594594594,A126,88.77,21.58,1174.02
2024-09-14 05:43:03.783783783,A123,79.27,19.81,971.18
2024-09-14 06:16:12.972972973,A125,80.81,16.74,1238.9
2024-09-14 06:49:22.162162162,A124,44.63,18.94,984.17
2024-09-14 07:22:31.351351351,A125,58.4,18.18,1049.43
2024-09-14 07:55:40.540540540,A125,92.04,24.59,730.42
2024-09-14 08:28:49.729729729,A123,110.24,23.36,838.4
2024-09-14 09:01:58.918918919,A124,93.94,17.93,851.28
2024-09-14 09:35:08.108108108,A124,76.41,26.96,985.93
2024-09-14 10:08:17.297297297,A126,55.14,18.28,654.94
2024-09-14 10:41:26.486486486,A126,75.14,13.34,1007.23
2024-09-14 11:14:35.675675675,A126,73.54,19.53,720.91
2024-09-14 11:47:44.864864865,A124,66.83,27.04,1193.1
2024-09-14 12:20:54.054054054,A124,78.79,24.8,817.55
2024-09-14 12:54:03.243243243,A126,74.34,23.62,870.55
2024-09-14 13:27:12.432432432,A125,49.8,23.92,1229.28
2024-09-14 14:00:21.621621621,A126,36.59,19.6,978.53
2024-09-14 14:33:30.810810810,A123,79.67,21.48,1386.75
2024-09-14 15:06:40.000000000,A124,71.25,16.94,936.96
2024-09-14 15:39:49.189189189,A124,72.73,23.84,877.91
2024-09-14 16:12:58.378378378,A126,77.28,20.8,1029.18
2024-09-14 16:46:07.567567567,A125,81.22,29.68,1129.6
2024-09-14 17:19:16.756756756,A125,77.9,23.97,734.16
2024-09-14 17:52:25.945945946,A123,53.73,11.78,1422.26
2024-09-14 18:25:35.135135135,A126,77.56,21.79,1278.61
2024-09-14 18:58:44.324324324,A124,69.02,20.54,1117.05
2024-09-14 19:31:53.513513513,A126,66.1,18.92,880.26
2024-09-14 20:05:02.702702702,A123,62.68,10.65,1085.88
2024-09-14 20:38:11.891891892,A123,97.18,27.57,1229.31
2024-09-14 21:11:21.081081081,A125,56.69,15.07,641.4
2024-09-14 21:44:30.270270270,A123,59.78,11.07,1002.58
2024-09-14 22:17:39.459459459,A125,67.53,22.57,857.38
2024-09-14 22:50:48.648648648,A125,96.69,15.35,571.51
2024-09-14 23:23:57.837837837,A125,89.37,22.86,1358.12
2024-09-14 23:57:07.027027027,A124,67.21,18.53,1022.4
2024-09-15 00:30:16.216216216,A126,75.56,23.37,1178.49
2024-09-15 01:03:25.405405405,A124,70.4,14.86,1160.02
2024-09-15 01:36:34.594594594,A126,71.78,16.08,1230.84
2024-09-15 02:09:43.783783783,A126,57.41,26.83,1043.15
2024-09-15 02:42:52.972972973,A124,71.27,25.15,1152.74
2024-09-15 03:16:02.162162162,A125,72.97,20.53,643.38
2024-09-15 03:49:11.351351351,A126,68.58,20.74,1056.39
2024-09-15 04:22:20.540540540,A125,66.33,16.83,1260.29
2024-09-15 04:55:29.729729729,A123,82.28,26.68,1095.03
2024-09-15 05:28:38.918918919,A123,45.51,23.25,1074.54
2024-09-15 06:01:48.108108108,A126,57.53,24.74,1214.25
2024-09-15 06:34:57.297297297,A123,83.65,19.21,875.8
2024-09-15 07:08:06.486486486,A126,88.65,17.86,1214.43
2024-09-15 07:41:15.675675675,A123,52.81,22.21,1045.75
2024-09-15 08:14:24.864864865,A126,79.91,18.14,906.27
2024-09-15 08:47:34.054054054,A126,76.58,19.95,649.62
2024-09-15 09:20:43.243243243,A126,72.57,31.56,1371.42
2024-09-15 09:53:52.432432432,A123,65.75,21.05,1034.86
2024-09-15 10:27:01.621621621,A125,69.07,15.45,1044.74
2024-09-15 11:00:10.810810810,A126,88.02,21.71,1223.0
2024-09-15 11:33:20.000000000,A123,69.57,17.53,1084.92
2024-09-15 12:06:29.189189189,A123,80.46,11.05,1252.24
2024-09-15 12:39:38.378378378,A123,86.4,19.83,1439.26
2024-09-15 13:12:47.567567567,A125,85.19,21.58,1187.33
2024-09-15 13:45:56.756756756,A123,58.0,26.12,1018.26
2024-09-15 14:19:05.945945946,A124,98.08,22.76,1118.18
2024-09-15 14:52:15.135135135,A123,83.67,10.02,760.59
2024-09-15 15:25:24.324324324,A124,80.91,23.8,929.77
2024-09-15 15:58:33.513513513,A124,79.86,22.71,1046.86
2024-09-15 16:31:42.702702702,A124,66.29,22.99,1063.03
2024-09-15 17:04:51.891891892,A124,79.99,17.36,1359.57
2024-09-15 17:38:01.081081081,A126,76.24,22.75,1402.73
2024-09-15 18:11:10.270270270,A125,83.96,22.85,1373.3
2024-09-15 18:44:19.459459459,A124,74.95,21.59,1027.85
2024-09-15 19:17:28.648648648,A125,59.93,25.15,839.84
2024-09-15 19:50:37.837837837,A124,72.79,23.06,1373.49
2024-09-15 20:23:47.027027027,A125,71.92,19.13,989.09
2024-09-15 20:56:56.216216216,A123,81.42,17.67,919.15
2024-09-15 21:30:05.405405405,A125,94.62,16.82,899.42
2024-09-15 22:03:14.594594594,A125,62.71,14.08,1152.39
2024-09-15 22:36:23.783783783,A124,75.96,22.33,765.92
2024-09-15 23:09:32.972972973,A124,67.25,15.75,810.1
2024-09-15 23:42:42.162162162,A124,72.61,19.17,660.8
2024-09-16 00:15:51.351351351,A125,93.64,19.01,1073.14
2024-09-16 00:49:00.540540540,A126,52.4,18.25,963.74
2024-09-16 01:22:09.729729729,A123,75.87,24.58,815.91
2024-09-16 01:55:18.918918919,A125,69.77,18.12,1193.27
2024-09-16 02:28:28.108108108,A124,77.32,18.25,858.78
2024-09-16 03:01:37.297297297,A125,89.37,11.8,1171.04
2024-09-16 03:34:46.486486486,A124,76.73,20.43,803.34
2024-09-16 04:07:55.675675675,A125,61.96,22.58,1077.19
2024-09-16 04:41:04.864864865,A125,34.47,25.63,1293.25
2024-09-16 05:14:14.054054054,A126,52.54,31.44,735.55
2024-09-16 05:47:23.243243243,A123,81.56,28.75,908.59
2024-09-16 06:20:32.432432432,A125,90.54,25.25,905.11
2024-09-16 06:53:41.621621621,A123,70.18,17.89,1218.39
2024-09-16 07:26:50.810810810,A126,71.43,22.27,979.79
2024-09-16 08:00:00.000000000,A126,59.98,18.61,788.28
2024-09-16 08:33:09.189189189,A126,85.71,20.29,1048.65
2024-09-16 09:06:18.378378378,A126,62.61,26.27,731.25
2024-09-16 09:39:27.567567567,A125,52.01,23.17,884.79
2024-09-16 10:12:36.756756756,A126,52.44,23.17,1294.42
2024-09-16 10:45:45.945945946,A126,76.06,20.08,869.03
2024-09-16 11:18:55.135135135,A125,53.74,27.78,874.54
2024-09-16 11:52:04.324324324,A123,91.92,18.48,1087.69
2024-09-16 12:25:13.513513513,A124,95.94,10.2,1040.35
2024-09-16 12:58:22.702702702,A123,52.25,15.38,741.7
2024-09-16 13:31:31.891891892,A124,98.21,18.46,1056.43
2024-09-16 14:04:41.081081081,A126,70.13,16.51,1304.24
2024-09-16 14:37:50.270270270,A123,55.32,25.4,1061.22
2024-09-16 15:10:59.459459459,A125,88.38,14.33,902.9
2024-09-16 15:44:08.648648648,A125,84.49,35.54,1032.04
2024-09-16 16:17:17.837837837,A126,63.14,21.44,1018.16
2024-09-16 16:50:27.027027027,A125,63.95,20.16,1115.09
2024-09-16 17:23:36.216216216,A123,46.63,18.15,964.68
2024-09-16 17:56:45.405405405,A125,56.0,16.19,1056.16
2024-09-16 18:29:54.594594594,A126,93.93,19.93,885.77
2024-09-16 19:03:03.783783783,A125,77.54,11.48,944.42
2024-09-16 19:36:12.972972973,A124,66.05,22.7,1172.35
2024-09-16 20:09:22.162162162,A126,65.82,11.24,930.34
2024-09-16 20:42:31.351351351,A125,73.15,20.77,1046.9
2024-09-16 21:15:40.540540540,A123,96.08,17.37,949.66
2024-09-16 21:48:49.729729729,A126,52.86,21.51,799.18
2024-09-16 22:21:58.918918919,A123,88.79,8.93,1105.71
2024-09-16 22:55:08.108108108,A124,85.58,27.67,961.78
2024-09-16 23:28:17.297297297,A123,92.49,13.55,731.92
2024-09-17 00:01:26.486486486,A123,65.35,25.75,1289.38
2024-09-17 00:34:35.675675675,A124,64.75,15.83,1012.75
2024-09-17 01:07:44.864864865,A123,81.43,23.98,932.93
2024-09-17 01:40:54.054054054,A126,92.63,24.07,1019.0
2024-09-17 02:14:03.243243243,A126,72.31,14.74,1190.3
2024-09-17 02:47:12.432432432,A123,94.08,13.53,1067.62
2024-09-17 03:20:21.621621621,A124,97.92,16.54,727.0
2024-09-17 03:53:30.810810810,A124,86.55,14.5,1333.11
2024-09-17 04:26:40.000000000,A126,78.61,17.89,1099.36
2024-09-17 04:59:49.189189189,A125,80.5,13.92,701.46
2024-09-17 05:32:58.378378378,A126,65.02,23.87,913.76
2024-09-17 06:06:07.567567567,A124,63.13,23.31,1087.75
2024-09-17 06:39:16.756756756,A123,91.08,22.61,1035.98
2024-09-17 07:12:25.945945946,A123,53.13,24.78,1149.3
2024-09-17 07:45:35.135135135,A125,82.46,22.19,1050.18
2024-09-17 08:18:44.324324324,A123,80.98,20.49,1032.08
2024-09-17 08:51:53.513513513,A124,73.27,19.99,872.69
2024-09-17 09:25:02.702702702,A126,76.23,20.82,1366.98
2024-09-17 09:58:11.891891892,A124,79.47,11.79,847.77
2024-09-17 10:31:21.081081081,A125,79.92,22.0,620.71
2024-09-17 11:04:30.270270270,A126,67.87,29.44,1028.12
2024-09-17 11:37:39.459459459,A123,91.79,24.08,858.36
2024-09-17 12:10:48.648648648,A124,85.03,15.53,1271.81
2024-09-17 12:43:57.837837837,A125,84.35,14.8,854.76
2024-09-17 13:17:07.027027027,A126,69.83,17.29,705.76
2024-09-17 13:50:16.216216216,A125,85.19,11.31,731.53
2024-09-17 14:23:25.405405405,A125,94.81,16.35,1351.84
2024-09-17 14:56:34.594594594,A123,86.25,23.1,736.06
2024-09-17 15:29:43.783783783,A123,104.54,10.23,986.81
2024-09-17 16:02:52.972972973,A123,71.57,18.55,1175.15
2024-09-17 16:36:02.162162162,A125,71.32,8.98,1189.79
2024-09-17 17:09:11.351351351,A125,66.58,20.85,853.29
2024-09-17 17:42:20.540540540,A124,78.8,18.96,1201.92
2024-09-17 18:15:29.729729729,A124,43.02,13.36,1315.72
2024-09-17 18:48:38.918918919,A126,90.38,18.07,1068.56
2024-09-17 19:21:48.108108108,A124,87.9,18.64,1139.74
2024-09-17 19:54:57.297297297,A124,104.95,20.97,1279.9
2024-09-17 20:28:06.486486486,A126,55.92,18.05,744.84
2024-09-17 21:01:15.675675675,A126,96.7,19.55,1103.91
2024-09-17 21:34:24.864864865,A126,53.53,25.29,463.71
2024-09-17 22:07:34.054054054,A124,78.55,17.63,1121.71
2024-09-17 22:40:43.243243243,A124,94.06,26.44,891.94
2024-09-17 23:13:52.432432432,A123,84.58,27.03,1004.77
2024-09-17 23:47:01.621621621,A125,70.3,22.9,1211.69
2024-09-18 00:20:10.810810810,A125,33.2,27.64,955.91
2024-09-18 00:53:20.000000000,A124,74.79,17.63,753.82
2024-09-18 01:26:29.189189189,A124,67.4,33.45,705.9
2024-09-18 01:59:38.378378378,A126,70.32,21.85,766.03
2024-09-18 02:32:47.567567567,A126,54.29,25.68,1045.22
2024-09-18 03:05:56.756756756,A124,71.91,14.34,1046.55
2024-09-18 03:39:05.945945946,A124,99.45,19.8,817.84
2024-09-18 04:12:15.135135135,A125,70.37,19.54,903.19
2024-09-18 04:45:24.324324324,A125,76.76,25.49,1123.8
2024-09-18 05:18:33.513513513,A126,81.15,23.63,1327.38
2024-09-18 05:51:42.702702702,A124,89.04,21.09,1035.08
2024-09-18 06:24:51.891891892,A126,91.36,17.19,1104.18
2024-09-18 06:58:01.081081081,A124,82.7,26.62,1086.66
2024-09-18 07:31:10.270270270,A124,76.22,23.06,848.39
2024-09-18 08:04:19.459459459,A126,65.68,13.88,838.52
2024-09-18 08:37:28.648648648,A123,71.22,20.69,987.97
2024-09-18 09:10:37.837837837,A125,58.9,13.12,857.53
2024-09-18 09:43:47.027027027,A126,60.34,25.69,986.19
2024-09-18 10:16:56.216216216,A123,79.61,24.2,1083.35
2024-09-18 10:50:05.405405405,A124,46.99,23.16,780.58
2024-09-18 11:23:14.594594594,A126,77.73,15.45,753.15
2024-09-18 11:56:23.783783783,A123,84.04,13.57,1413.0
2024-09-18 12:29:32.972972973,A126,78.12,30.32,966.1
2024-09-18 13:02:42.162162162,A123,88.6,18.85,903.62
2024-09-18 13:35:51.351351351,A125,102.83,25.66,1085.8
2024-09-18 14:09:00.540540540,A126,53.79,31.79,1036.06
2024-09-18 14:42:09.729729729,A124,79.25,15.59,1426.09
2024-09-18 15:15:18.918918919,A125,70.07,18.51,908.08
2024-09-18 15:48:28.108108108,A124,73.01,19.94,957.64
2024-09-18 16:21:37.297297297,A124,70.67,12.15,1101.96
2024-09-18 16:54:46.486486486,A123,97.89,11.69,1302.41
2024-09-18 17:27:55.675675675,A125,68.16,18.53,888.5
2024-09-18 18:01:04.864864865,A126,81.25,20.37,1036.07
2024-09-18 18:34:14.054054054,A126,80.85,18.91,1219.51
2024-09-18 19:07:23.243243243,A124,73.05,19.61,1000.31
2024-09-18 19:40:32.432432432,A123,69.45,18.34,874.93
2024-09-18 20:13:41.621621621,A123,72.45,22.61,1130.67
2024-09-18 20:46:50.810810810,A124,90.62,12.8,1044.68
2024-09-18 21:20:00.000000000,A125,94.13,25.49,626.29
2024-09-18 21:53:09.189189189,A125,67.17,14.48,993.09
2024-09-18 22:26:18.378378378,A123,91.21,22.85,852.81
2024-09-18 22:59:27.567567567,A125,75.38,22.7,496.52
2024-09-18 23:32:36.756756756,A123,81.06,10.61,1134.83
2024-09-19 00:05:45.945945946,A126,79.49,20.59,537.79
2024-09-19 00:38:55.135135135,A126,99.36,21.09,1056.57
2024-09-19 01:12:04.324324324,A123,52.56,26.05,807.78
2024-09-19 01:45:13.513513513,A126,57.38,10.96,617.47
2024-09-19 02:18:22.702702702,A126,96.22,17.48,952.85
2024-09-19 02:51:31.891891892,A124,57.19,22.81,997.84
2024-09-19 03:24:41.081081081,A124,75.58,24.55,1024.95
2024-09-19 03:57:50.270270270,A124,68.78,17.77,1122.46
2024-09-19 04:30:59.459459459,A124,66.52,19.74,1534.34
2024-09-19 05:04:08.648648648,A124,46.89,19.14,769.3
2024-09-19 05:37:17.837837837,A123,71.23,17.45,1293.22
2024-09-19 06:10:27.027027027,A123,84.69,15.76,1190.54
2024-09-19 06:43:36.216216216,A124,71.49,22.51,943.3
2024-09-19 07:16:45.405405405,A123,30.88,14.14,971.34
2024-09-19 07:49:54.594594594,A126,96.96,18.69,1188.31
2024-09-19 08:23:03.783783783,A125,78.34,17.77,859.51
2024-09-19 08:56:12.972972973,A123,65.0,23.7,563.91
2024-09-19 09:29:22.162162162,A125,51.94,27.37,917.01
2024-09-19 10:02:31.351351351,A124,78.11,15.55,851.29
2024-09-19 10:35:40.540540540,A124,75.18,19.55,1214.05
2024-09-19 11:08:49.729729729,A125,71.89,26.4,1133.13
2024-09-19 11:41:58.918918919,A124,83.76,27.08,972.71
2024-09-19 12:15:08.108108108,A126,69.65,17.64,966.22
2024-09-19 12:48:17.297297297,A125,96.71,20.69,1204.78
2024-09-19 13:21:26.486486486,A123,68.14,15.69,1058.27
2024-09-19 13:54:35.675675675,A125,83.08,21.91,1003.94
2024-09-19 14:27:44.864864865,A125,54.87,27.0,1136.26
2024-09-19 15:00:54.054054054,A123,64.68,12.17,913.11
2024-09-19 15:34:03.243243243,A125,65.56,28.16,1057.64
2024-09-19 16:07:12.432432432,A125,61.75,20.39,1040.4
2024-09-19 16:40:21.621621621,A124,92.24,21.93,1355.6
2024-09-19 17:13:30.810810810,A125,70.39,29.87,1247.61
2024-09-19 17:46:40.000000000,A125,80.08,15.69,842.81
2024-09-19 18:19:49.189189189,A126,89.66,11.17,1268.54
2024-09-19 18:52:58.378378378,A125,76.16,21.24,1125.68
2024-09-19 19:26:07.567567567,A123,85.76,20.8,973.67
2024-09-19 19:59:16.756756756,A125,82.53,17.11,914.56
2024-09-19 20:32:25.945945946,A124,70.13,10.42,1071.6
2024-09-19 21:05:35.135135135,A123,89.47,20.04,793.61
2024-09-19 21:38:44.324324324,A124,78.04,21.69,1105.66
2024-09-19 22:11:53.513513513,A126,80.86,18.18,1313.88
2024-09-19 22:45:02.702702702,A126,67.2,17.3,527.97
2024-09-19 23:18:11.891891892,A123,41.06,18.91,740.21
2024-09-19 23:51:21.081081081,A126,55.4,18.15,950.44
2024-09-20 00:24:30.270270270,A124,62.43,15.29,842.71
2024-09-20 00:57:39.459459459,A124,39.82,17.59,1062.96
2024-09-20 01:30:48.648648648,A125,71.2,27.56,581.14
2024-09-20 02:03:57.837837837,A124,72.27,16.62,1276.56
2024-09-20 02:37:07.027027027,A125,66.59,24.98,1138.39
2024-09-20 03:10:16.216216216,A123,57.77,17.01,1182.25
2024-09-20 03:43:25.405405405,A126,72.34,15.72,1020.74
2024-09-20 04:16:34.594594594,A125,104.95,25.2,1005.14
2024-09-20 04:49:43.783783783,A126,73.48,10.24,941.78
2024-09-20 05:22:52.972972973,A124,102.75,17.63,1196.73
2024-09-20 05:56:02.162162162,A126,70.22,20.65,728.96
2024-09-20 06:29:11.351351351,A123,88.5,16.7,906.28
2024-09-20 07:02:20.540540540,A125,65.74,13.71,864.05
2024-09-20 07:35:29.729729729,A125,85.12,20.71,948.74
2024-09-20 08:08:38.918918919,A126,87.91,19.32,996.87
2024-09-20 08:41:48.108108108,A125,91.3,22.64,728.99
2024-09-20 09:14:57.297297297,A123,61.07,18.65,956.16
2024-09-20 09:48:06.486486486,A126,85.44,21.48,892.5
2024-09-20 10:21:15.675675675,A125,67.01,19.22,1125.94
2024-09-20 10:54:24.864864865,A124,56.03,27.9,789.23
2024-09-20 11:27:34.054054054,A124,94.74,24.76,1090.37
2024-09-20 12:00:43.243243243,A126,67.3,19.41,1439.5
2024-09-20 12:33:52.432432432,A123,107.19,18.84,777.79
2024-09-20 13:07:01.621621621,A123,68.52,20.53,985.91
2024-09-20 13:40:10.810810810,A123,69.81,24.92,691.26
2024-09-20 14:13:20.000000000,A125,55.22,28.09,702.11
2024-09-20 14:46:29.189189189,A126,72.44,26.66,1155.8
2024-09-20 15:19:38.378378378,A126,64.97,23.57,641.68
2024-09-20 15:52:47.567567567,A125,73.79,25.06,959.82
2024-09-20 16:25:56.756756756,A123,59.99,20.55,1105.15
2024-09-20 16:59:05.945945946,A125,96.05,26.22,736.75
2024-09-20 17:32:15.135135135,A126,77.27,17.85,814.63
2024-09-20 18:05:24.324324324,A125,58.58,19.84,935.81
2024-09-20 18:38:33.513513513,A126,47.66,21.79,862.73
2024-09-20 19:11:42.702702702,A124,84.28,19.33,673.46
2024-09-20 19:44:51.891891892,A123,104.36,17.03,1030.6
2024-09-20 20:18:01.081081081,A124,60.8,15.9,914.92
2024-09-20 20:51:10.270270270,A123,69.24,14.42,1289.06
2024-09-20 21:24:19.459459459,A125,66.85,15.98,844.71
2024-09-20 21:57:28.648648648,A125,69.47,20.37,889.37
2024-09-20 22:30:37.837837837,A126,89.63,21.03,1330.61
2024-09-20 23:03:47.027027027,A126,70.83,20.22,1247.1
2024-09-20 23:36:56.216216216,A124,81.08,14.09,694.44
2024-09-21 00:10:05.405405405,A123,81.28,14.98,781.74
2024-09-21 00:43:14.594594594,A124,65.12,22.98,979.0
2024-09-21 01:16:23.783783783,A126,49.44,29.57,887.41
2024-09-21 01:49:32.972972973,A123,113.03,17.73,1094.25
2024-09-21 02:22:42.162162162,A123,65.62,18.76,1037.1
2024-09-21 02:55:51.351351351,A125,54.92,19.86,1036.66
2024-09-21 03:29:00.540540540,A123,57.45,13.51,833.5
2024-09-21 04:02:09.729729729,A123,67.96,26.23,1091.53
2024-09-21 04:35:18.918918919,A125,62.85,22.73,866.0
2024-09-21 05:08:28.108108108,A125,94.43,25.7,890.8
2024-09-21 05:41:37.297297297,A126,63.61,19.3,1302.9
2024-09-21 06:14:46.486486486,A124,55.42,15.06,928.78
2024-09-21 06:47:55.675675675,A126,82.15,26.2,1052.05
2024-09-21 07:21:04.864864865,A123,94.79,19.24,1045.55
2024-09-21 07:54:14.054054054,A126,88.47,23.82,1119.45
2024-09-21 08:27:23.243243243,A126,25.47,24.28,1102.65
2024-09-21 09:00:32.432432432,A126,68.28,20.74,960.79
2024-09-21 09:33:41.621621621,A124,65.19,22.32,1323.44
2024-09-21 10:06:50.810810810,A126,65.19,20.87,994.28
2024-09-21 10:40:00.000000000,A123,69.36,25.79,886.2
2024-09-21 11:13:09.189189189,A123,75.38,18.54,834.43
2024-09-21 11:46:18.378378378,A125,96.77,13.4,882.12
2024-09-21 12:19:27.567567567,A125,76.13,22.18,1061.31
2024-09-21 12:52:36.756756756,A126,66.0,13.35,871.65
2024-09-21 13:25:45.945945946,A125,78.06,22.58,1209.03
2024-09-21 13:58:55.135135135,A126,76.79,23.84,593.29
2024-09-21 14:32:04.324324324,A125,80.35,22.14,1164.36
2024-09-21 15:05:13.513513513,A125,87.1,11.34,817.85
2024-09-21 15:38:22.702702702,A123,57.74,31.26,694.58
2024-09-21 16:11:31.891891892,A126,76.71,21.94,809.14
2024-09-21 16:44:41.081081081,A125,50.95,25.71,876.53
2024-09-21 17:17:50.270270270,A125,62.82,18.03,1291.29
2024-09-21 17:50:59.459459459,A123,98.66,20.77,964.39
2024-09-21 18:24:08.648648648,A123,105.27,16.47,778.36
2024-09-21 18:57:17.837837837,A123,92.62,24.37,1188.85
2024-09-21 19:30:27.027027027,A124,83.8,20.02,792.35
2024-09-21 20:03:36.216216216,A123,85.18,15.99,1096.88
2024-09-21 20:36:45.405405405,A123,90.04,18.7,805.41
2024-09-21 21:09:54.594594594,A123,89.74,18.41,1133.8
2024-09-21 21:43:03.783783783,A123,65.14,18.72,993.23
2024-09-21 22:16:12.972972973,A123,66.78,17.41,932.51
2024-09-21 22:49:22.162162162,A126,77.53,25.42,1048.03
2024-09-21 23:22:31.351351351,A126,63.2,16.52,1234.12
2024-09-21 23:55:40.540540540,A123,81.3,15.19,800.73
2024-09-22 00:28:49.729729729,A125,40.96,15.55,1031.0
2024-09-22 01:01:58.918918919,A126,49.73,24.66,1107.84
2024-09-22 01:35:08.108108108,A126,67.17,13.09,1105.34
2024-09-22 02:08:17.297297297,A126,76.86,21.1,866.85
2024-09-22 02:41:26.486486486,A124,73.82,20.59,1233.6
2024-09-22 03:14:35.675675675,A123,42.4,28.48,1193.26
2024-09-22 03:47:44.864864865,A123,81.49,19.83,882.48
2024-09-22 04:20:54.054054054,A123,70.56,15.94,784.51
2024-09-22 04:54:03.243243243,A125,95.45,24.18,952.18
2024-09-22 05:27:12.432432432,A123,79.9,27.36,1570.78
2024-09-22 06:00:21.621621621,A124,79.68,25.24,888.69
2024-09-22 06:33:30.810810810,A125,50.98,17.02,873.41
2024-09-22 07:06:40.000000000,A123,62.76,18.15,797.95
2024-09-22 07:39:49.189189189,A123,64.97,17.93,873.07
2024-09-22 08:12:58.378378378,A125,61.3,16.89,1094.14
2024-09-22 08:46:07.567567567,A126,56.5,18.85,1090.07
2024-09-22 09:19:16.756756756,A124,60.71,21.17,596.99
2024-09-22 09:52:25.945945946,A126,83.36,24.73,940.36
2024-09-22 10:25:35.135135135,A125,105.42,14.92,862.56
2024-09-22 10:58:44.324324324,A123,81.93,17.75,1213.44
2024-09-22 11:31:53.513513513,A126,78.67,13.64,1008.25
2024-09-22 12:05:02.702702702,A125,83.28,12.96,1239.09
2024-09-22 12:38:11.891891892,A124,86.13,24.74,1158.88
2024-09-22 13:11:21.081081081,A124,87.02,20.27,954.2
2024-09-22 13:44:30.270270270,A124,76.51,23.68,1000.72
2024-09-22 14:17:39.459459459,A124,63.45,21.21,1175.4
2024-09-22 14:50:48.648648648,A126,64.2,23.98,892.16
2024-09-22 15:23:57.837837837,A126,74.02,14.93,520.15
2024-09-22 15:57:07.027027027,A126,81.05,18.14,845.07
2024-09-22 16:30:16.216216216,A126,83.03,19.9,1024.9
2024-09-22 17:03:25.405405405,A123,52.25,19.27,668.01
2024-09-22 17:36:34.594594594,A125,75.91,18.02,538.23
2024-09-22 18:09:43.783783783,A124,95.43,16.9,952.56
2024-09-22 18:42:52.972972973,A126,58.21,10.94,1048.94
2024-09-22 19:16:02.162162162,A125,66.56,21.33,1014.52
2024-09-22 19:49:11.351351351,A126,79.88,19.88,1002.93
2024-09-22 20:22:20.540540540,A123,74.47,22.59,925.49
2024-09-22 20:55:29.729729729,A123,79.38,32.2,1189.34
2024-09-22 21:28:38.918918919,A125,58.5,19.28,874.61
2024-09-22 22:01:48.108108108,A125,76.08,22.96,1175.41
2024-09-22 22:34:57.297297297,A123,84.66,22.39,736.74
2024-09-22 23:08:06.486486486,A124,78.95,19.24,1162.17
2024-09-22 23:41:15.675675675,A125,65.3,16.8,856.81
2024-09-23 00:14:24.864864865,A124,80.06,17.2,1091.84
2024-09-23 00:47:34.054054054,A126,62.96,23.04,809.32
2024-09-23 01:20:43.243243243,A123,73.43,23.27,1238.9
2024-09-23 01:53:52.432432432,A126,66.83,22.75,1150.08
2024-09-23 02:27:01.621621621,A126,69.21,23.19,828.34
2024-09-23 03:00:10.810810810,A125,69.91,19.24,1012.51
2024-09-23 03:33:20.000000000,A124,81.82,27.06,1164.84
2024-09-23 04:06:29.189189189,A126,92.7,28.33,1122.47
2024-09-23 04:39:38.378378378,A123,70.92,13.61,1077.25
2024-09-23 05:12:47.567567567,A124,88.35,19.86,1064.53
2024-09-23 05:45:56.756756756,A123,82.41,18.34,729.23
2024-09-23 06:19:05.945945946,A126,99.26,26.17,724.35
2024-09-23 06:52:15.135135135,A123,66.37,21.57,735.98
2024-09-23 07:25:24.324324324,A126,98.08,21.01,1339.56
2024-09-23 07:58:33.513513513,A124,51.05,22.75,1084.58
2024-09-23 08:31:42.702702702,A123,88.89,18.4,1103.5
2024-09-23 09:04:51.891891892,A125,72.25,19.51,796.62
2024-09-23 09:38:01.081081081,A126,98.3,28.69,529.72
2024-09-23 10:11:10.270270270,A123,79.45,15.53,1438.33
2024-09-23 10:44:19.459459459,A126,51.63,17.77,1449.9
2024-09-23 11:17:28.648648648,A123,74.88,16.6,996.35
2024-09-23 11:50:37.837837837,A124,85.74,24.27,1118.51
2024-09-23 12:23:47.027027027,A124,95.88,21.73,1155.09
2024-09-23 12:56:56.216216216,A123,85.59,25.03,984.37
2024-09-23 13:30:05.405405405,A125,108.24,13.78,1113.94
2024-09-23 14:03:14.594594594,A124,51.12,11.46,834.98
2024-09-23 14:36:23.783783783,A125,89.03,16.53,1160.57
2024-09-23 15:09:32.972972973,A126,77.37,23.59,1070.99
2024-09-23 15:42:42.162162162,A126,116.26,17.4,1089.08
2024-09-23 16:15:51.351351351,A124,78.15,18.97,981.71
2024-09-23 16:49:00.540540540,A124,68.16,18.88,873.8
2024-09-23 17:22:09.729729729,A124,82.94,16.64,877.99
2024-09-23 17:55:18.918918919,A126,75.73,26.41,932.17
2024-09-23 18:28:28.108108108,A123,95.07,8.99,655.68
2024-09-23 19:01:37.297297297,A123,71.56,22.22,1076.42
2024-09-23 19:34:46.486486486,A124,51.45,17.19,678.83
2024-09-23 20:07:55.675675675,A125,65.56,21.09,1052.58
2024-09-23 20:41:04.864864865,A123,67.76,15.77,1040.52
2024-09-23 21:14:14.054054054,A126,38.99,7.57,1484.43
2024-09-23 21:47:23.243243243,A124,78.07,22.86,575.54
2024-09-23 22:20:32.432432432,A125,78.72,21.81,1271.88
2024-09-23 22:53:41.621621621,A126,85.33,16.43,1429.01
2024-09-23 23:26:50.810810810,A126,87.98,24.63,980.49
2024-09-24 00:00:00.000000000,A126,69.87,20.16,807.92
